<ImportExportXml xmlns:xsi="http://www.w3.org/2001/XMLSchema-instance">
  <Entities></Entities>
  <Roles></Roles>
  <Workflows>
    <Workflow WorkflowId="{d5857ceb-b138-eb11-a813-0022486d71e7}" Name="Preston Morales 12/7/2020, 6:30 PM">
      <JsonFileName>/Workflows/PrestonMorales1272020630PM-D5857CEB-B138-EB11-A813-0022486D71E7.json</JsonFileName>
      <Type>1</Type>
      <Subprocess>0</Subprocess>
      <Category>6</Category>
      <Mode>0</Mode>
      <Scope>4</Scope>
      <OnDemand>0</OnDemand>
      <TriggerOnCreate>0</TriggerOnCreate>
      <TriggerOnDelete>0</TriggerOnDelete>
      <AsyncAutodelete>0</AsyncAutodelete>
      <SyncWorkflowLogOnFailure>0</SyncWorkflowLogOnFailure>
      <StateCode>0</StateCode>
      <StatusCode>1</StatusCode>
      <RunAs>1</RunAs>
      <IsTransacted>1</IsTransacted>
      <IntroducedVersion>1.0</IntroducedVersion>
      <IsCustomizable>1</IsCustomizable>
      <BusinessProcessType>0</BusinessProcessType>
      <UIFlowType>101</UIFlowType>
      <IsCustomProcessingStepAllowedForOtherPublishers>1</IsCustomProcessingStepAllowedForOtherPublishers>
      <PrimaryEntity>none</PrimaryEntity>
      <LocalizedNames>
        <LocalizedName languagecode="1033" description="Preston Morales 12/7/2020, 6:30 PM" />
      </LocalizedNames>
    </Workflow>
    <Workflow WorkflowId="{b7c7bef2-b238-eb11-a813-0022486d71e7}" Name="Preston Morales 12/7/2020, 6:38 PM">
      <JsonFileName>/Workflows/PrestonMorales1272020638PM-B7C7BEF2-B238-EB11-A813-0022486D71E7.json</JsonFileName>
      <Type>1</Type>
      <Subprocess>0</Subprocess>
      <Category>6</Category>
      <Mode>0</Mode>
      <Scope>4</Scope>
      <OnDemand>0</OnDemand>
      <TriggerOnCreate>0</TriggerOnCreate>
      <TriggerOnDelete>0</TriggerOnDelete>
      <AsyncAutodelete>0</AsyncAutodelete>
      <SyncWorkflowLogOnFailure>0</SyncWorkflowLogOnFailure>
      <StateCode>0</StateCode>
      <StatusCode>1</StatusCode>
      <RunAs>1</RunAs>
      <IsTransacted>1</IsTransacted>
      <IntroducedVersion>1.0</IntroducedVersion>
      <IsCustomizable>1</IsCustomizable>
      <BusinessProcessType>0</BusinessProcessType>
      <UIFlowType>101</UIFlowType>
      <IsCustomProcessingStepAllowedForOtherPublishers>1</IsCustomProcessingStepAllowedForOtherPublishers>
      <PrimaryEntity>none</PrimaryEntity>
      <LocalizedNames>
        <LocalizedName languagecode="1033" description="Preston Morales 12/7/2020, 6:38 PM" />
      </LocalizedNames>
    </Workflow>
    <Workflow WorkflowId="{9aa09a11-b438-eb11-a813-0022486d71e7}" Name="Preston Morales 12/7/2020, 6:46 PM">
      <JsonFileName>/Workflows/PrestonMorales1272020646PM-9AA09A11-B438-EB11-A813-0022486D71E7.json</JsonFileName>
      <Type>1</Type>
      <Subprocess>0</Subprocess>
      <Category>6</Category>
      <Mode>0</Mode>
      <Scope>4</Scope>
      <OnDemand>0</OnDemand>
      <TriggerOnCreate>0</TriggerOnCreate>
      <TriggerOnDelete>0</TriggerOnDelete>
      <AsyncAutodelete>0</AsyncAutodelete>
      <SyncWorkflowLogOnFailure>0</SyncWorkflowLogOnFailure>
      <StateCode>0</StateCode>
      <StatusCode>1</StatusCode>
      <RunAs>1</RunAs>
      <IsTransacted>1</IsTransacted>
      <IntroducedVersion>1.0</IntroducedVersion>
      <IsCustomizable>1</IsCustomizable>
      <BusinessProcessType>0</BusinessProcessType>
      <UIFlowType>101</UIFlowType>
      <IsCustomProcessingStepAllowedForOtherPublishers>1</IsCustomProcessingStepAllowedForOtherPublishers>
      <PrimaryEntity>none</PrimaryEntity>
      <LocalizedNames>
        <LocalizedName languagecode="1033" description="Preston Morales 12/7/2020, 6:46 PM" />
      </LocalizedNames>
    </Workflow>
    <Workflow WorkflowId="{a059d823-bc33-eb11-a813-0022486d7b82}" Name="Preston Morales 12/1/2020, 11:01 AM">
      <JsonFileName>/Workflows/PrestonMorales12120201101AM-A059D823-BC33-EB11-A813-0022486D7B82.json</JsonFileName>
      <Type>1</Type>
      <Subprocess>0</Subprocess>
      <Category>6</Category>
      <Mode>0</Mode>
      <Scope>4</Scope>
      <OnDemand>0</OnDemand>
      <TriggerOnCreate>0</TriggerOnCreate>
      <TriggerOnDelete>0</TriggerOnDelete>
      <AsyncAutodelete>0</AsyncAutodelete>
      <SyncWorkflowLogOnFailure>0</SyncWorkflowLogOnFailure>
      <StateCode>0</StateCode>
      <StatusCode>1</StatusCode>
      <RunAs>1</RunAs>
      <IsTransacted>1</IsTransacted>
      <IntroducedVersion>1.0</IntroducedVersion>
      <IsCustomizable>1</IsCustomizable>
      <BusinessProcessType>0</BusinessProcessType>
      <UIFlowType>101</UIFlowType>
      <IsCustomProcessingStepAllowedForOtherPublishers>1</IsCustomProcessingStepAllowedForOtherPublishers>
      <PrimaryEntity>none</PrimaryEntity>
      <LocalizedNames>
        <LocalizedName languagecode="1033" description="Preston Morales 12/1/2020, 11:01 AM" />
      </LocalizedNames>
    </Workflow>
    <Workflow WorkflowId="{4a5a5ae4-bc33-eb11-a813-0022486d7b82}" Name="Preston Morales 12/1/2020, 11:06 AM">
      <JsonFileName>/Workflows/PrestonMorales12120201106AM-4A5A5AE4-BC33-EB11-A813-0022486D7B82.json</JsonFileName>
      <Type>1</Type>
      <Subprocess>0</Subprocess>
      <Category>6</Category>
      <Mode>0</Mode>
      <Scope>4</Scope>
      <OnDemand>0</OnDemand>
      <TriggerOnCreate>0</TriggerOnCreate>
      <TriggerOnDelete>0</TriggerOnDelete>
      <AsyncAutodelete>0</AsyncAutodelete>
      <SyncWorkflowLogOnFailure>0</SyncWorkflowLogOnFailure>
      <StateCode>0</StateCode>
      <StatusCode>1</StatusCode>
      <RunAs>1</RunAs>
      <IsTransacted>1</IsTransacted>
      <IntroducedVersion>1.0</IntroducedVersion>
      <IsCustomizable>1</IsCustomizable>
      <BusinessProcessType>0</BusinessProcessType>
      <UIFlowType>101</UIFlowType>
      <IsCustomProcessingStepAllowedForOtherPublishers>1</IsCustomProcessingStepAllowedForOtherPublishers>
      <PrimaryEntity>none</PrimaryEntity>
      <LocalizedNames>
        <LocalizedName languagecode="1033" description="Preston Morales 12/1/2020, 11:06 AM" />
      </LocalizedNames>
    </Workflow>
    <Workflow WorkflowId="{95d2346f-b438-eb11-a813-0022486d7b82}" Name="Preston Morales 12/7/2020, 6:48 PM">
      <JsonFileName>/Workflows/PrestonMorales1272020648PM-95D2346F-B438-EB11-A813-0022486D7B82.json</JsonFileName>
      <Type>1</Type>
      <Subprocess>0</Subprocess>
      <Category>6</Category>
      <Mode>0</Mode>
      <Scope>4</Scope>
      <OnDemand>0</OnDemand>
      <TriggerOnCreate>0</TriggerOnCreate>
      <TriggerOnDelete>0</TriggerOnDelete>
      <AsyncAutodelete>0</AsyncAutodelete>
      <SyncWorkflowLogOnFailure>0</SyncWorkflowLogOnFailure>
      <StateCode>0</StateCode>
      <StatusCode>1</StatusCode>
      <RunAs>1</RunAs>
      <IsTransacted>1</IsTransacted>
      <IntroducedVersion>1.0</IntroducedVersion>
      <IsCustomizable>1</IsCustomizable>
      <BusinessProcessType>0</BusinessProcessType>
      <UIFlowType>101</UIFlowType>
      <IsCustomProcessingStepAllowedForOtherPublishers>1</IsCustomProcessingStepAllowedForOtherPublishers>
      <PrimaryEntity>none</PrimaryEntity>
      <LocalizedNames>
        <LocalizedName languagecode="1033" description="Preston Morales 12/7/2020, 6:48 PM" />
      </LocalizedNames>
    </Workflow>
  </Workflows>
  <FieldSecurityProfiles></FieldSecurityProfiles>
  <Templates />
  <EntityMaps />
  <EntityRelationships />
  <OrganizationSettings />
  <optionsets />
  <CustomControls />
  <EntityDataProviders />
  <msdyn_pminferredtasks>
    <msdyn_pminferredtask msdyn_pminferredtaskid="5b583e21-bc33-eb11-a813-0022486d71e7">
      <iscustomizable>1</iscustomizable>
      <msdyn_description>Submit a new invoice using Contoso Invoice App</msdyn_description>
      <msdyn_iterationid>b9cb0d3c-d819-46f3-a6a7-d3aeb563cc7f</msdyn_iterationid>
      <msdyn_name>Contoso Invoice Processing</msdyn_name>
      <msdyn_outputdata>{"SchemaVersion":"1","LastAnalyzeDate":"2020-12-14T13:45:19.3818053+00:00","AnalyzedRecordingsCount":7}</msdyn_outputdata>
      <msdyn_sharedrecordingmetadata>{"SchemaVersion":1,"RecordingMetadataVocabulary":{},"StepGroupVocabulary":{"Open Contoso Invoicing app":{"Name":"Open Contoso Invoicing app","Description":null},"Open invoice email attachment":{"Name":"Open invoice email attachment","Description":null},"Create new invoice":{"Name":"Create new invoice","Description":null},"Fill invoice form":{"Name":"Fill invoice form","Description":null},"Save invoice":{"Name":"Save invoice","Description":null},"Open invoice document":{"Name":"Open invoice document","Description":null}},"StepGroupMetadataVocabulary":{}}</msdyn_sharedrecordingmetadata>
      <statecode>2</statecode>
      <statuscode>4</statuscode>
    </msdyn_pminferredtask>
  </msdyn_pminferredtasks>
  <msdyn_pmrecordings>
    <msdyn_pmrecording msdyn_pmrecordingid="15d3906f-b438-eb11-a813-0022486d71e7">
      <iscustomizable>1</iscustomizable>
      <msdyn_iterationid>691c1cf3-c262-46fb-9e97-165a4f6f1487</msdyn_iterationid>
      <msdyn_name>Egon Nilsson 12/7/2020, 6:48 PM</msdyn_name>
      <msdyn_normalizedrecording>{"SchemaVersion":1,"Id":"3179efae-9624-4209-846a-2996ef7e43be","Name":"95d2346f-b438-eb11-a813-0022486d7b82","StartTimeStamp":"2020-12-07T17:48:56.735Z","EndTimeStamp":"2020-12-07T17:50:16.946Z","SourceType":1,"StartingStep":"1","CustomMetadata":null,"Steps":{"1":{"Name":"Press button in window","ActionType":0,"Description":"Start Button","ImageId":"2b9aaebe-a3d8-4c80-a2e2-1b5bdaf50c07","TimeStamp":"2020-12-07T17:48:56.7351571+00:00","OutgoingTransitions":[{"NextStepId":"2"}]},"2":{"Name":"Click UI element in window","ActionType":0,"Description":"Edit 'Search box' in Window 'Start'","ImageId":"ac1604bb-c4ca-4478-bb35-170626c4b50d","TimeStamp":"2020-12-07T17:49:04.2268689+00:00","OutgoingTransitions":[{"NextStepId":"3"}]},"3":{"Name":"Send keys","ActionType":0,"Description":"TextToSend:'conto'","ImageId":"","TimeStamp":"2020-12-07T17:49:04.7643819+00:00","OutgoingTransitions":[{"NextStepId":"4"}]},"4":{"Name":"Click UI element in window","ActionType":0,"Description":"List Item 'Contoso  ...  to switch preview' in Window 'Cortana'","ImageId":"f8247d37-4e85-4c53-89f4-38834b1fb44a","TimeStamp":"2020-12-07T17:49:08.6070688+00:00","OutgoingTransitions":[{"NextStepId":"5"}]},"5":{"Name":"Press button in window","ActionType":0,"Description":"Outlook - 1 running window in Quick Launch Bar","ImageId":"43dc83ef-3ad8-451d-b07f-5631d5b490f9","TimeStamp":"2020-12-07T17:49:13.8387278+00:00","OutgoingTransitions":[{"NextStepId":"6"}]},"6":{"Name":"Click UI element in window","ActionType":0,"Description":"UI Custom 'NetUINetUI' in Window 'Inbox - Outlook'","ImageId":"e3860403-a11b-40f4-959b-e74a3b7fb760","TimeStamp":"2020-12-07T17:49:17.4974372+00:00","OutgoingTransitions":[{"NextStepId":"7"}]},"7":{"Name":"Click UI element in window","ActionType":0,"Description":"Tree Item 'From  ...  Status Unflagged, ' in Window 'Inbox -  Outlook'","ImageId":"d0f6546a-8750-46b6-96fa-b8de7adbdaf6","TimeStamp":"2020-12-07T17:49:20.1410595+00:00","OutgoingTransitions":[{"NextStepId":"8"}]},"8":{"Name":"Click UI element in window","ActionType":0,"Description":"Status Bar 'Status Bar' in Window 'Inbox - Outlook'","ImageId":"4b446bcc-94b5-4667-a730-cf132e21f572","TimeStamp":"2020-12-07T17:49:54.3688518+00:00","OutgoingTransitions":[{"NextStepId":"9"}]},"9":{"Name":"Click UI element in window","ActionType":0,"Description":"Group 'Groups' in Window 'Inbox  - Outlook'","ImageId":"8b33efaa-dbb8-4d06-a1e7-fba96a3c0cde","TimeStamp":"2020-12-07T17:49:55.7008755+00:00","OutgoingTransitions":[{"NextStepId":"10"}]},"10":{"Name":"Click UI element in window","ActionType":0,"Description":"Group 'Groups' in Window 'Inbox - Outlook'","ImageId":"e8924e46-8c4e-44db-a052-f2ca8e16455b","TimeStamp":"2020-12-07T17:49:56.7511314+00:00","OutgoingTransitions":[{"NextStepId":"11"}]},"11":{"Name":"Click UI element in window","ActionType":0,"Description":"Tool Bar 'ToolBar' in Window 'Contoso Invoicing'","ImageId":"8ff5bc4e-a22c-4c4f-8f80-f67d8821563c","TimeStamp":"2020-12-07T17:49:58.0589563+00:00","OutgoingTransitions":[{"NextStepId":"12"}]},"12":{"Name":"Click UI element in window","ActionType":0,"Description":"Tree Item 'LegacyInvoicingApp.Models.FolderModel' in Window 'Contoso Invoicing'","ImageId":"0d31af68-43cd-468f-8102-57b0d031dd68","TimeStamp":"2020-12-07T17:50:00.8877477+00:00","OutgoingTransitions":[{"NextStepId":"13"}]},"13":{"Name":"Populate text field in window","ActionType":0,"Description":"Edit 'TextBox' in Window 'Contoso Invoicing'; Text:'WingTip'","ImageId":"64a143e4-837d-49b3-b87f-2a0d93da4005","TimeStamp":"2020-12-07T17:50:05.4246293+00:00","OutgoingTransitions":[{"NextStepId":"14"}]},"14":{"Name":"Populate text field in window","ActionType":0,"Description":"Edit 'TextBox' 2 in Window 'Contoso Invoicing'; Text:'invoices@wingtip.com'","ImageId":"901bd185-b8ef-4fa5-9283-a28a8318f6ac","TimeStamp":"2020-12-07T17:50:12.6556664+00:00","OutgoingTransitions":[{"NextStepId":"15"}]},"15":{"Name":"Populate text field in window","ActionType":0,"Description":"Edit 'TextBox' 3 in Window 'Contoso Invoicing'; Text:'557788'","ImageId":"1e0a703f-7d57-42cb-8000-443357dd76f7","TimeStamp":"2020-12-07T17:50:14.6971673+00:00","OutgoingTransitions":[{"NextStepId":"16"}]},"16":{"Name":"Click UI element in window","ActionType":0,"Description":"Tab 'TabControl' in Window 'Contoso Invoicing'","ImageId":"63360b9d-15be-4142-b382-822e8871cb5f","TimeStamp":"2020-12-07T17:50:16.0708539+00:00","OutgoingTransitions":[{"NextStepId":"17"}]},"17":{"Name":"Click UI element in window","ActionType":0,"Description":"List Item 'Invoiced' in Window 'Contoso Invoicing'","ImageId":"9b44326d-b4ca-4f82-930b-39d306120b7f","TimeStamp":"2020-12-07T17:50:16.9466144+00:00","OutgoingTransitions":[]}},"StepGroups":{"56d3c75e-e208-40d8-9a23-d29ca368b01c":{"Steps":["1"],"Name":"Open Contoso Invoicing app"},"abd5e1d8-3c61-4000-813d-125ef5262417":{"Steps":["2","3","4","5","6","7","8","9","10"],"Name":"Open invoice email attachment"},"cfe8c6ab-b420-42a5-8f94-d9450939ba1b":{"Steps":["11"],"Name":"Create new invoice"},"e3eb6f0b-f9bb-4c12-b876-e5a8bfe66079":{"Steps":["12","13","14","15","16"],"Name":"Fill invoice form"},"f00445be-26ed-4fe7-8e57-c9d6e1e404ec":{"Steps":["17"],"Name":"Save invoice"}}}</msdyn_normalizedrecording>
      <msdyn_parenttask>
        <msdyn_pminferredtaskid>5b583e21-bc33-eb11-a813-0022486d71e7</msdyn_pminferredtaskid>
      </msdyn_parenttask>
      <msdyn_publishingstatus>192350001</msdyn_publishingstatus>
      <msdyn_sourceworkflow>
        <workflowid>95d2346f-b438-eb11-a813-0022486d7b82</workflowid>
      </msdyn_sourceworkflow>
      <msdyn_type>192350000</msdyn_type>
      <statecode>2</statecode>
      <statuscode>6</statuscode>
      <new_pmrecordingimagebinaries>
        <new_pmrecordingimagebinary new_uniquename="step_12_0d31af68-43cd-468f-8102-57b0d031dd68">
          <iscustomizable>1</iscustomizable>
          <new_data>{3a46c9b4-b438-eb11-a813-0022486d71e7}</new_data>
          <new_iterationid>691c1cf3-c262-46fb-9e97-165a4f6f1487</new_iterationid>
          <new_mimetype>image/png</new_mimetype>
          <new_name>step_12_0d31af68-43cd-468f-8102-57b0d031dd68</new_name>
          <statecode>0</statecode>
          <statuscode>1</statuscode>
        </new_pmrecordingimagebinary>
        <new_pmrecordingimagebinary new_uniquename="step_15_1e0a703f-7d57-42cb-8000-443357dd76f7">
          <iscustomizable>1</iscustomizable>
          <new_data>{c8e915b6-b438-eb11-a813-0022486d7b82}</new_data>
          <new_iterationid>691c1cf3-c262-46fb-9e97-165a4f6f1487</new_iterationid>
          <new_mimetype>image/png</new_mimetype>
          <new_name>step_15_1e0a703f-7d57-42cb-8000-443357dd76f7</new_name>
          <statecode>0</statecode>
          <statuscode>1</statuscode>
        </new_pmrecordingimagebinary>
        <new_pmrecordingimagebinary new_uniquename="step_1_2b9aaebe-a3d8-4c80-a2e2-1b5bdaf50c07">
          <iscustomizable>1</iscustomizable>
          <new_data>{3146c9b4-b438-eb11-a813-0022486d71e7}</new_data>
          <new_iterationid>691c1cf3-c262-46fb-9e97-165a4f6f1487</new_iterationid>
          <new_mimetype>image/png</new_mimetype>
          <new_name>step_1_2b9aaebe-a3d8-4c80-a2e2-1b5bdaf50c07</new_name>
          <statecode>0</statecode>
          <statuscode>1</statuscode>
        </new_pmrecordingimagebinary>
        <new_pmrecordingimagebinary new_uniquename="step_5_43dc83ef-3ad8-451d-b07f-5631d5b490f9">
          <iscustomizable>1</iscustomizable>
          <new_data>{97b815b0-b438-eb11-a813-0022486d7b82}</new_data>
          <new_iterationid>691c1cf3-c262-46fb-9e97-165a4f6f1487</new_iterationid>
          <new_mimetype>image/png</new_mimetype>
          <new_name>step_5_43dc83ef-3ad8-451d-b07f-5631d5b490f9</new_name>
          <statecode>0</statecode>
          <statuscode>1</statuscode>
        </new_pmrecordingimagebinary>
        <new_pmrecordingimagebinary new_uniquename="step_8_4b446bcc-94b5-4667-a730-cf132e21f572">
          <iscustomizable>1</iscustomizable>
          <new_data>{3746c9b4-b438-eb11-a813-0022486d71e7}</new_data>
          <new_iterationid>691c1cf3-c262-46fb-9e97-165a4f6f1487</new_iterationid>
          <new_mimetype>image/png</new_mimetype>
          <new_name>step_8_4b446bcc-94b5-4667-a730-cf132e21f572</new_name>
          <statecode>0</statecode>
          <statuscode>1</statuscode>
        </new_pmrecordingimagebinary>
        <new_pmrecordingimagebinary new_uniquename="step_16_63360b9d-15be-4142-b382-822e8871cb5f">
          <iscustomizable>1</iscustomizable>
          <new_data>{3f46c9b4-b438-eb11-a813-0022486d71e7}</new_data>
          <new_iterationid>691c1cf3-c262-46fb-9e97-165a4f6f1487</new_iterationid>
          <new_mimetype>image/png</new_mimetype>
          <new_name>step_16_63360b9d-15be-4142-b382-822e8871cb5f</new_name>
          <statecode>0</statecode>
          <statuscode>1</statuscode>
        </new_pmrecordingimagebinary>
        <new_pmrecordingimagebinary new_uniquename="step_13_64a143e4-837d-49b3-b87f-2a0d93da4005">
          <iscustomizable>1</iscustomizable>
          <new_data>{3b46c9b4-b438-eb11-a813-0022486d71e7}</new_data>
          <new_iterationid>691c1cf3-c262-46fb-9e97-165a4f6f1487</new_iterationid>
          <new_mimetype>image/png</new_mimetype>
          <new_name>step_13_64a143e4-837d-49b3-b87f-2a0d93da4005</new_name>
          <statecode>0</statecode>
          <statuscode>1</statuscode>
        </new_pmrecordingimagebinary>
        <new_pmrecordingimagebinary new_uniquename="step_9_8b33efaa-dbb8-4d06-a1e7-fba96a3c0cde">
          <iscustomizable>1</iscustomizable>
          <new_data>{3946c9b4-b438-eb11-a813-0022486d71e7}</new_data>
          <new_iterationid>691c1cf3-c262-46fb-9e97-165a4f6f1487</new_iterationid>
          <new_mimetype>image/png</new_mimetype>
          <new_name>step_9_8b33efaa-dbb8-4d06-a1e7-fba96a3c0cde</new_name>
          <statecode>0</statecode>
          <statuscode>1</statuscode>
        </new_pmrecordingimagebinary>
        <new_pmrecordingimagebinary new_uniquename="step_11_8ff5bc4e-a22c-4c4f-8f80-f67d8821563c">
          <iscustomizable>1</iscustomizable>
          <new_data>{c4e915b6-b438-eb11-a813-0022486d7b82}</new_data>
          <new_iterationid>691c1cf3-c262-46fb-9e97-165a4f6f1487</new_iterationid>
          <new_mimetype>image/png</new_mimetype>
          <new_name>step_11_8ff5bc4e-a22c-4c4f-8f80-f67d8821563c</new_name>
          <statecode>0</statecode>
          <statuscode>1</statuscode>
        </new_pmrecordingimagebinary>
        <new_pmrecordingimagebinary new_uniquename="step_14_901bd185-b8ef-4fa5-9283-a28a8318f6ac">
          <iscustomizable>1</iscustomizable>
          <new_data>{c7e915b6-b438-eb11-a813-0022486d7b82}</new_data>
          <new_iterationid>691c1cf3-c262-46fb-9e97-165a4f6f1487</new_iterationid>
          <new_mimetype>image/png</new_mimetype>
          <new_name>step_14_901bd185-b8ef-4fa5-9283-a28a8318f6ac</new_name>
          <statecode>0</statecode>
          <statuscode>1</statuscode>
        </new_pmrecordingimagebinary>
        <new_pmrecordingimagebinary new_uniquename="step_17_9b44326d-b4ca-4f82-930b-39d306120b7f">
          <iscustomizable>1</iscustomizable>
          <new_data>{cfe915b6-b438-eb11-a813-0022486d7b82}</new_data>
          <new_iterationid>691c1cf3-c262-46fb-9e97-165a4f6f1487</new_iterationid>
          <new_mimetype>image/png</new_mimetype>
          <new_name>step_17_9b44326d-b4ca-4f82-930b-39d306120b7f</new_name>
          <statecode>0</statecode>
          <statuscode>1</statuscode>
        </new_pmrecordingimagebinary>
        <new_pmrecordingimagebinary new_uniquename="step_2_ac1604bb-c4ca-4478-bb35-170626c4b50d">
          <iscustomizable>1</iscustomizable>
          <new_data>{95b815b0-b438-eb11-a813-0022486d7b82}</new_data>
          <new_iterationid>691c1cf3-c262-46fb-9e97-165a4f6f1487</new_iterationid>
          <new_mimetype>image/png</new_mimetype>
          <new_name>step_2_ac1604bb-c4ca-4478-bb35-170626c4b50d</new_name>
          <statecode>0</statecode>
          <statuscode>1</statuscode>
        </new_pmrecordingimagebinary>
        <new_pmrecordingimagebinary new_uniquename="step_7_d0f6546a-8750-46b6-96fa-b8de7adbdaf6">
          <iscustomizable>1</iscustomizable>
          <new_data>{3646c9b4-b438-eb11-a813-0022486d71e7}</new_data>
          <new_iterationid>691c1cf3-c262-46fb-9e97-165a4f6f1487</new_iterationid>
          <new_mimetype>image/png</new_mimetype>
          <new_name>step_7_d0f6546a-8750-46b6-96fa-b8de7adbdaf6</new_name>
          <statecode>0</statecode>
          <statuscode>1</statuscode>
        </new_pmrecordingimagebinary>
        <new_pmrecordingimagebinary new_uniquename="step_6_e3860403-a11b-40f4-959b-e74a3b7fb760">
          <iscustomizable>1</iscustomizable>
          <new_data>{3546c9b4-b438-eb11-a813-0022486d71e7}</new_data>
          <new_iterationid>691c1cf3-c262-46fb-9e97-165a4f6f1487</new_iterationid>
          <new_mimetype>image/png</new_mimetype>
          <new_name>step_6_e3860403-a11b-40f4-959b-e74a3b7fb760</new_name>
          <statecode>0</statecode>
          <statuscode>1</statuscode>
        </new_pmrecordingimagebinary>
        <new_pmrecordingimagebinary new_uniquename="step_10_e8924e46-8c4e-44db-a052-f2ca8e16455b">
          <iscustomizable>1</iscustomizable>
          <new_data>{bfe915b6-b438-eb11-a813-0022486d7b82}</new_data>
          <new_iterationid>691c1cf3-c262-46fb-9e97-165a4f6f1487</new_iterationid>
          <new_mimetype>image/png</new_mimetype>
          <new_name>step_10_e8924e46-8c4e-44db-a052-f2ca8e16455b</new_name>
          <statecode>0</statecode>
          <statuscode>1</statuscode>
        </new_pmrecordingimagebinary>
        <new_pmrecordingimagebinary new_uniquename="step_4_f8247d37-4e85-4c53-89f4-38834b1fb44a">
          <iscustomizable>1</iscustomizable>
          <new_data>{96b815b0-b438-eb11-a813-0022486d7b82}</new_data>
          <new_iterationid>691c1cf3-c262-46fb-9e97-165a4f6f1487</new_iterationid>
          <new_mimetype>image/png</new_mimetype>
          <new_name>step_4_f8247d37-4e85-4c53-89f4-38834b1fb44a</new_name>
          <statecode>0</statecode>
          <statuscode>1</statuscode>
        </new_pmrecordingimagebinary>
      </new_pmrecordingimagebinaries>
    </msdyn_pmrecording>
    <msdyn_pmrecording msdyn_pmrecordingid="6e8b4cf6-b238-eb11-a813-0022486d7b82">
      <iscustomizable>1</iscustomizable>
      <msdyn_iterationid>65f4b995-22b2-4815-88ca-f233703e5ec5</msdyn_iterationid>
      <msdyn_name>Preston Morales 12/7/2020, 6:38 PM</msdyn_name>
      <msdyn_normalizedrecording>{"SchemaVersion":1,"Id":"dd279a78-f264-45fb-88cf-5e28349d55bc","Name":"b7c7bef2-b238-eb11-a813-0022486d71e7","StartTimeStamp":"2020-12-07T17:38:27.933Z","EndTimeStamp":"2020-12-07T17:39:25.919Z","SourceType":1,"StartingStep":"1","CustomMetadata":null,"Steps":{"1":{"Name":"Press button in window","ActionType":0,"Description":"Start Button","ImageId":"43f3bc8a-ec8a-420f-b6cc-d727addd07a1","TimeStamp":"2020-12-07T17:38:27.9333685+00:00","OutgoingTransitions":[{"NextStepId":"2"}]},"2":{"Name":"Send keys","ActionType":0,"Description":"TextToSend:'conto'","ImageId":"","TimeStamp":"2020-12-07T17:38:29.1800013+00:00","OutgoingTransitions":[{"NextStepId":"3"}]},"3":{"Name":"Click UI element in window","ActionType":0,"Description":"List Item 'Contoso  ...  to switch preview' in Window 'Cortana'","ImageId":"0a3782ca-e3e1-43f1-8451-729169bffdf9","TimeStamp":"2020-12-07T17:38:32.8855728+00:00","OutgoingTransitions":[{"NextStepId":"4"}]},"4":{"Name":"Press button in window","ActionType":0,"Description":"Outlook - 1 running window in Quick Launch Bar","ImageId":"213877d7-bbcb-49dc-b3e3-a6b096226644","TimeStamp":"2020-12-07T17:38:39.3795603+00:00","OutgoingTransitions":[{"NextStepId":"5"}]},"5":{"Name":"Click UI element in window","ActionType":0,"Description":"Tree Item ' ...  Status Unflagged, ' in Window 'Inbox - Alana.Brito@microsoft.com - Outlook'","ImageId":"00a80f37-7ac6-4edd-a6cc-922c7666b87f","TimeStamp":"2020-12-07T17:38:44.1378661+00:00","OutgoingTransitions":[{"NextStepId":"6"}]},"6":{"Name":"Press button in window","ActionType":0,"Description":"Word - 1 running window in Quick Launch Bar","ImageId":"37f801c1-d850-4054-800c-61aae49beaae","TimeStamp":"2020-12-07T17:39:00.2919113+00:00","OutgoingTransitions":[{"NextStepId":"7"}]},"7":{"Name":"Click UI element in window","ActionType":0,"Description":"List Item 'Contoso Invoicing' in List 'Task Switcher'","ImageId":"4493c733-12cd-4ba5-9b50-26316579b15f","TimeStamp":"2020-12-07T17:39:01.5063052+00:00","OutgoingTransitions":[{"NextStepId":"8"}]},"8":{"Name":"Click UI element in window","ActionType":0,"Description":"UI Custom 'FormattedBlock' in Window 'Contoso Invoicing'","ImageId":"2da58c21-8d6c-4345-baab-02190f6bc672","TimeStamp":"2020-12-07T17:39:05.45831+00:00","OutgoingTransitions":[{"NextStepId":"9"}]},"9":{"Name":"Click UI element in window","ActionType":0,"Description":"Image 'Image' in Window 'Contoso Invoicing'","ImageId":"1d2b6ff3-5936-4277-a474-9e3dc919be61","TimeStamp":"2020-12-07T17:39:07.4182147+00:00","OutgoingTransitions":[{"NextStepId":"10"}]},"10":{"Name":"Populate text field in window","ActionType":0,"Description":"Edit 'TextBox' in Window 'Contoso Invoicing'; Text:'Contoso'","ImageId":"8fe0b390-e823-4bb6-838a-8bd635d3f5c3","TimeStamp":"2020-12-07T17:39:14.6863178+00:00","OutgoingTransitions":[{"NextStepId":"11"}]},"11":{"Name":"Populate text field in window","ActionType":0,"Description":"Edit 'TextBox' 2 in Window 'Contoso Invoicing'; Text:'invoicing@contoso.com'","ImageId":"86be240a-266c-495e-8b38-9e77a47662eb","TimeStamp":"2020-12-07T17:39:22.877284+00:00","OutgoingTransitions":[{"NextStepId":"12"}]},"12":{"Name":"Populate text field in window","ActionType":0,"Description":"Edit 'TextBox' 3 in Window 'Contoso Invoicing'; Text:'32156454'","ImageId":"a0a002f2-5ca7-4665-a8b8-3d11ff53f58a","TimeStamp":"2020-12-07T17:39:24.0161179+00:00","OutgoingTransitions":[{"NextStepId":"13"}]},"13":{"Name":"Click UI element in window","ActionType":0,"Description":"Tool Bar 'ToolBar' in Window 'Contoso Invoicing'","ImageId":"ba956d6c-84c5-40dd-b6b3-89ec899dd8ca","TimeStamp":"2020-12-07T17:39:25.9197263+00:00","OutgoingTransitions":[]}},"StepGroups":{"6ddf00e0-fb47-4ab0-98f2-9d11cb2d04e8":{"Steps":["1","2","3"],"Name":"Open Contoso Invoicing app"},"cfecc317-c80b-4647-9003-193f2761b491":{"Steps":["4"],"Name":"Create new invoice"},"9099fa41-422a-4e75-ba2b-1c4e0bc979f2":{"Steps":["5","6","7","8","9","10","11","12"],"Name":"Fill invoice form"},"b228ec84-8d7d-4f28-8ce0-7b6f1d1122db":{"Steps":["13"],"Name":"Save invoice"}}}</msdyn_normalizedrecording>
      <msdyn_parenttask>
        <msdyn_pminferredtaskid>5b583e21-bc33-eb11-a813-0022486d71e7</msdyn_pminferredtaskid>
      </msdyn_parenttask>
      <msdyn_publishingstatus>192350001</msdyn_publishingstatus>
      <msdyn_sourceworkflow>
        <workflowid>b7c7bef2-b238-eb11-a813-0022486d71e7</workflowid>
      </msdyn_sourceworkflow>
      <msdyn_type>192350000</msdyn_type>
      <statecode>2</statecode>
      <statuscode>6</statuscode>
      <new_pmrecordingimagebinaries>
        <new_pmrecordingimagebinary new_uniquename="step_5_00a80f37-7ac6-4edd-a6cc-922c7666b87f">
          <iscustomizable>1</iscustomizable>
          <new_data>{e973ab2a-b338-eb11-a813-0022486d7b82}</new_data>
          <new_iterationid>65f4b995-22b2-4815-88ca-f233703e5ec5</new_iterationid>
          <new_mimetype>image/png</new_mimetype>
          <new_name>step_5_00a80f37-7ac6-4edd-a6cc-922c7666b87f</new_name>
          <statecode>0</statecode>
          <statuscode>1</statuscode>
        </new_pmrecordingimagebinary>
        <new_pmrecordingimagebinary new_uniquename="step_3_0a3782ca-e3e1-43f1-8451-729169bffdf9">
          <iscustomizable>1</iscustomizable>
          <new_data>{e473ab2a-b338-eb11-a813-0022486d7b82}</new_data>
          <new_iterationid>65f4b995-22b2-4815-88ca-f233703e5ec5</new_iterationid>
          <new_mimetype>image/png</new_mimetype>
          <new_name>step_3_0a3782ca-e3e1-43f1-8451-729169bffdf9</new_name>
          <statecode>0</statecode>
          <statuscode>1</statuscode>
        </new_pmrecordingimagebinary>
        <new_pmrecordingimagebinary new_uniquename="step_9_1d2b6ff3-5936-4277-a474-9e3dc919be61">
          <iscustomizable>1</iscustomizable>
          <new_data>{4bde5c2d-b338-eb11-a813-0022486d71e7}</new_data>
          <new_iterationid>65f4b995-22b2-4815-88ca-f233703e5ec5</new_iterationid>
          <new_mimetype>image/png</new_mimetype>
          <new_name>step_9_1d2b6ff3-5936-4277-a474-9e3dc919be61</new_name>
          <statecode>0</statecode>
          <statuscode>1</statuscode>
        </new_pmrecordingimagebinary>
        <new_pmrecordingimagebinary new_uniquename="step_4_213877d7-bbcb-49dc-b3e3-a6b096226644">
          <iscustomizable>1</iscustomizable>
          <new_data>{45de5c2d-b338-eb11-a813-0022486d71e7}</new_data>
          <new_iterationid>65f4b995-22b2-4815-88ca-f233703e5ec5</new_iterationid>
          <new_mimetype>image/png</new_mimetype>
          <new_name>step_4_213877d7-bbcb-49dc-b3e3-a6b096226644</new_name>
          <statecode>0</statecode>
          <statuscode>1</statuscode>
        </new_pmrecordingimagebinary>
        <new_pmrecordingimagebinary new_uniquename="step_8_2da58c21-8d6c-4345-baab-02190f6bc672">
          <iscustomizable>1</iscustomizable>
          <new_data>{49de5c2d-b338-eb11-a813-0022486d71e7}</new_data>
          <new_iterationid>65f4b995-22b2-4815-88ca-f233703e5ec5</new_iterationid>
          <new_mimetype>image/png</new_mimetype>
          <new_name>step_8_2da58c21-8d6c-4345-baab-02190f6bc672</new_name>
          <statecode>0</statecode>
          <statuscode>1</statuscode>
        </new_pmrecordingimagebinary>
        <new_pmrecordingimagebinary new_uniquename="step_6_37f801c1-d850-4054-800c-61aae49beaae">
          <iscustomizable>1</iscustomizable>
          <new_data>{46de5c2d-b338-eb11-a813-0022486d71e7}</new_data>
          <new_iterationid>65f4b995-22b2-4815-88ca-f233703e5ec5</new_iterationid>
          <new_mimetype>image/png</new_mimetype>
          <new_name>step_6_37f801c1-d850-4054-800c-61aae49beaae</new_name>
          <statecode>0</statecode>
          <statuscode>1</statuscode>
        </new_pmrecordingimagebinary>
        <new_pmrecordingimagebinary new_uniquename="step_1_43f3bc8a-ec8a-420f-b6cc-d727addd07a1">
          <iscustomizable>1</iscustomizable>
          <new_data>{e273ab2a-b338-eb11-a813-0022486d7b82}</new_data>
          <new_iterationid>65f4b995-22b2-4815-88ca-f233703e5ec5</new_iterationid>
          <new_mimetype>image/png</new_mimetype>
          <new_name>step_1_43f3bc8a-ec8a-420f-b6cc-d727addd07a1</new_name>
          <statecode>0</statecode>
          <statuscode>1</statuscode>
        </new_pmrecordingimagebinary>
        <new_pmrecordingimagebinary new_uniquename="step_7_4493c733-12cd-4ba5-9b50-26316579b15f">
          <iscustomizable>1</iscustomizable>
          <new_data>{48de5c2d-b338-eb11-a813-0022486d71e7}</new_data>
          <new_iterationid>65f4b995-22b2-4815-88ca-f233703e5ec5</new_iterationid>
          <new_mimetype>image/png</new_mimetype>
          <new_name>step_7_4493c733-12cd-4ba5-9b50-26316579b15f</new_name>
          <statecode>0</statecode>
          <statuscode>1</statuscode>
        </new_pmrecordingimagebinary>
        <new_pmrecordingimagebinary new_uniquename="step_11_86be240a-266c-495e-8b38-9e77a47662eb">
          <iscustomizable>1</iscustomizable>
          <new_data>{4dde5c2d-b338-eb11-a813-0022486d71e7}</new_data>
          <new_iterationid>65f4b995-22b2-4815-88ca-f233703e5ec5</new_iterationid>
          <new_mimetype>image/png</new_mimetype>
          <new_name>step_11_86be240a-266c-495e-8b38-9e77a47662eb</new_name>
          <statecode>0</statecode>
          <statuscode>1</statuscode>
        </new_pmrecordingimagebinary>
        <new_pmrecordingimagebinary new_uniquename="step_10_8fe0b390-e823-4bb6-838a-8bd635d3f5c3">
          <iscustomizable>1</iscustomizable>
          <new_data>{f373ab2a-b338-eb11-a813-0022486d7b82}</new_data>
          <new_iterationid>65f4b995-22b2-4815-88ca-f233703e5ec5</new_iterationid>
          <new_mimetype>image/png</new_mimetype>
          <new_name>step_10_8fe0b390-e823-4bb6-838a-8bd635d3f5c3</new_name>
          <statecode>0</statecode>
          <statuscode>1</statuscode>
        </new_pmrecordingimagebinary>
        <new_pmrecordingimagebinary new_uniquename="step_12_a0a002f2-5ca7-4665-a8b8-3d11ff53f58a">
          <iscustomizable>1</iscustomizable>
          <new_data>{4fde5c2d-b338-eb11-a813-0022486d71e7}</new_data>
          <new_iterationid>65f4b995-22b2-4815-88ca-f233703e5ec5</new_iterationid>
          <new_mimetype>image/png</new_mimetype>
          <new_name>step_12_a0a002f2-5ca7-4665-a8b8-3d11ff53f58a</new_name>
          <statecode>0</statecode>
          <statuscode>1</statuscode>
        </new_pmrecordingimagebinary>
        <new_pmrecordingimagebinary new_uniquename="step_13_ba956d6c-84c5-40dd-b6b3-89ec899dd8ca">
          <iscustomizable>1</iscustomizable>
          <new_data>{f473ab2a-b338-eb11-a813-0022486d7b82}</new_data>
          <new_iterationid>65f4b995-22b2-4815-88ca-f233703e5ec5</new_iterationid>
          <new_mimetype>image/png</new_mimetype>
          <new_name>step_13_ba956d6c-84c5-40dd-b6b3-89ec899dd8ca</new_name>
          <statecode>0</statecode>
          <statuscode>1</statuscode>
        </new_pmrecordingimagebinary>
      </new_pmrecordingimagebinaries>
    </msdyn_pmrecording>
    <msdyn_pmrecording msdyn_pmrecordingid="9da09a11-b438-eb11-a813-0022486d71e7">
      <iscustomizable>1</iscustomizable>
      <msdyn_iterationid>0cdab74c-2164-416f-9891-4aa5c4b619fe</msdyn_iterationid>
      <msdyn_name>Wasanthi Gamage 12/7/2020, 6:46 PM</msdyn_name>
      <msdyn_normalizedrecording>{"SchemaVersion":1,"Id":"e6c872df-e287-46de-952a-d1261eb678f1","Name":"9aa09a11-b438-eb11-a813-0022486d71e7","StartTimeStamp":"2020-12-07T17:46:20.052Z","EndTimeStamp":"2020-12-07T17:46:54.348Z","SourceType":1,"StartingStep":"1","CustomMetadata":null,"Steps":{"1":{"Name":"Press button in window","ActionType":0,"Description":"Document 'Process advisor | Power Automate' in Pane 'Process  ...  Chrome - Alana'","ImageId":"972fa284-d406-4e4c-af70-c1db22b2559c","TimeStamp":"2020-12-07T17:46:20.0525975+00:00","OutgoingTransitions":[{"NextStepId":"2"}]},"2":{"Name":"Send keys","ActionType":0,"Description":"TextToSend:'contoso'","ImageId":"","TimeStamp":"2020-12-07T17:46:22.1996426+00:00","OutgoingTransitions":[{"NextStepId":"3"}]},"3":{"Name":"Click UI element in window","ActionType":0,"Description":"List Item 'Contoso  ...  to switch preview' in Window 'Cortana'","ImageId":"c7ae4a56-0ca0-4bab-8d19-390adc379920","TimeStamp":"2020-12-07T17:46:24.8247676+00:00","OutgoingTransitions":[{"NextStepId":"4"}]},"4":{"Name":"Move window","ActionType":0,"Description":"Window 'Contoso Invoicing'","ImageId":"99475409-5566-428f-9859-f084554facb0","TimeStamp":"2020-12-07T17:46:29.518235+00:00","OutgoingTransitions":[{"NextStepId":"5"}]},"5":{"Name":"Click UI element in window","ActionType":0,"Description":"Text 'Accounts' in Window 'Contoso Invoicing'","ImageId":"05b8f440-c4fc-4dbc-aa51-691f5bf98794","TimeStamp":"2020-12-07T17:46:30.8512536+00:00","OutgoingTransitions":[{"NextStepId":"6"}]},"6":{"Name":"Click UI element in window","ActionType":0,"Description":"Text 'New Record' in Window 'Contoso Invoicing'","ImageId":"c38585f0-d320-4744-9781-04688c379d5c","TimeStamp":"2020-12-07T17:46:32.3194274+00:00","OutgoingTransitions":[{"NextStepId":"7"}]},"7":{"Name":"Populate text field in window","ActionType":0,"Description":"Edit 'TextBox' in Window 'Contoso Invoicing'; Text:'Contoso'","ImageId":"9e380601-06d4-4dbe-968f-a24519f0bd32","TimeStamp":"2020-12-07T17:46:38.9511576+00:00","OutgoingTransitions":[{"NextStepId":"8"}]},"8":{"Name":"Populate text field in window","ActionType":0,"Description":"Edit 'TextBox' 2 in Window 'Contoso Invoicing'; Text:'invoices@contoso.com'","ImageId":"12070e9e-57e7-4e86-8655-23e6fa92114e","TimeStamp":"2020-12-07T17:46:46.5345547+00:00","OutgoingTransitions":[{"NextStepId":"9"}]},"9":{"Name":"Populate text field in window","ActionType":0,"Description":"Edit 'TextBox' 3 in Window 'Contoso Invoicing'; Text:'524564687'","ImageId":"5222506f-404d-42cd-b791-6321617077dd","TimeStamp":"2020-12-07T17:46:48.5346517+00:00","OutgoingTransitions":[{"NextStepId":"10"}]},"10":{"Name":"Set drop-down list value in window","ActionType":0,"Description":"Combo Box 'ComboBox' in Window 'Contoso Invoicing'","ImageId":"04c3b929-c2b7-4d45-8c70-5f117b078ff6","TimeStamp":"2020-12-07T17:46:51.0554051+00:00","OutgoingTransitions":[{"NextStepId":"11"}]},"11":{"Name":"Click UI element in window","ActionType":0,"Description":"Text 'Accounts Payable' in Window 'Contoso Invoicing'","ImageId":"ff943c1a-a504-4239-b551-c8118ae2cf0e","TimeStamp":"2020-12-07T17:46:52.2629605+00:00","OutgoingTransitions":[{"NextStepId":"12"}]},"12":{"Name":"Close window","ActionType":0,"Description":"Window 'Contoso Invoicing'","ImageId":"fbded2f4-fab3-4dd0-a23e-01ab2d674df1","TimeStamp":"2020-12-07T17:46:54.3487336+00:00","OutgoingTransitions":[]}},"StepGroups":{"104041d3-0c29-47d6-9e25-84f80ccbf1c6":{"Steps":["1","2","3"],"Name":"Open Contoso Invoicing app"},"2efa071a-94b7-4c81-8c1c-5cf23934af65":{"Steps":["4"],"Name":"Create new invoice"},"4ee6d498-b8e8-44e7-aa6e-24748bdd5896":{"Steps":["5","6","7","8","9","10","11"],"Name":"Fill invoice form"},"b9dc8ec3-8f8e-4465-843e-472de6c4d729":{"Steps":["12"],"Name":"Save invoice"}}}</msdyn_normalizedrecording>
      <msdyn_parenttask>
        <msdyn_pminferredtaskid>5b583e21-bc33-eb11-a813-0022486d71e7</msdyn_pminferredtaskid>
      </msdyn_parenttask>
      <msdyn_publishingstatus>192350001</msdyn_publishingstatus>
      <msdyn_sourceworkflow>
        <workflowid>9aa09a11-b438-eb11-a813-0022486d71e7</workflowid>
      </msdyn_sourceworkflow>
      <msdyn_type>192350000</msdyn_type>
      <statecode>2</statecode>
      <statuscode>6</statuscode>
      <new_pmrecordingimagebinaries>
        <new_pmrecordingimagebinary new_uniquename="step_10_04c3b929-c2b7-4d45-8c70-5f117b078ff6">
          <iscustomizable>1</iscustomizable>
          <new_data>{d20c7f34-b438-eb11-a813-0022486d7b82}</new_data>
          <new_iterationid>0cdab74c-2164-416f-9891-4aa5c4b619fe</new_iterationid>
          <new_mimetype>image/png</new_mimetype>
          <new_name>step_10_04c3b929-c2b7-4d45-8c70-5f117b078ff6</new_name>
          <statecode>0</statecode>
          <statuscode>1</statuscode>
        </new_pmrecordingimagebinary>
        <new_pmrecordingimagebinary new_uniquename="step_5_05b8f440-c4fc-4dbc-aa51-691f5bf98794">
          <iscustomizable>1</iscustomizable>
          <new_data>{ee8d5535-b438-eb11-a813-0022486d71e7}</new_data>
          <new_iterationid>0cdab74c-2164-416f-9891-4aa5c4b619fe</new_iterationid>
          <new_mimetype>image/png</new_mimetype>
          <new_name>step_5_05b8f440-c4fc-4dbc-aa51-691f5bf98794</new_name>
          <statecode>0</statecode>
          <statuscode>1</statuscode>
        </new_pmrecordingimagebinary>
        <new_pmrecordingimagebinary new_uniquename="step_8_12070e9e-57e7-4e86-8655-23e6fa92114e">
          <iscustomizable>1</iscustomizable>
          <new_data>{f18d5535-b438-eb11-a813-0022486d71e7}</new_data>
          <new_iterationid>0cdab74c-2164-416f-9891-4aa5c4b619fe</new_iterationid>
          <new_mimetype>image/png</new_mimetype>
          <new_name>step_8_12070e9e-57e7-4e86-8655-23e6fa92114e</new_name>
          <statecode>0</statecode>
          <statuscode>1</statuscode>
        </new_pmrecordingimagebinary>
        <new_pmrecordingimagebinary new_uniquename="step_9_5222506f-404d-42cd-b791-6321617077dd">
          <iscustomizable>1</iscustomizable>
          <new_data>{c80c7f34-b438-eb11-a813-0022486d7b82}</new_data>
          <new_iterationid>0cdab74c-2164-416f-9891-4aa5c4b619fe</new_iterationid>
          <new_mimetype>image/png</new_mimetype>
          <new_name>step_9_5222506f-404d-42cd-b791-6321617077dd</new_name>
          <statecode>0</statecode>
          <statuscode>1</statuscode>
        </new_pmrecordingimagebinary>
        <new_pmrecordingimagebinary new_uniquename="step_1_972fa284-d406-4e4c-af70-c1db22b2559c">
          <iscustomizable>1</iscustomizable>
          <new_data>{ec8d5535-b438-eb11-a813-0022486d71e7}</new_data>
          <new_iterationid>0cdab74c-2164-416f-9891-4aa5c4b619fe</new_iterationid>
          <new_mimetype>image/png</new_mimetype>
          <new_name>step_1_972fa284-d406-4e4c-af70-c1db22b2559c</new_name>
          <statecode>0</statecode>
          <statuscode>1</statuscode>
        </new_pmrecordingimagebinary>
        <new_pmrecordingimagebinary new_uniquename="step_4_99475409-5566-428f-9859-f084554facb0">
          <iscustomizable>1</iscustomizable>
          <new_data>{bd0c7f34-b438-eb11-a813-0022486d7b82}</new_data>
          <new_iterationid>0cdab74c-2164-416f-9891-4aa5c4b619fe</new_iterationid>
          <new_mimetype>image/png</new_mimetype>
          <new_name>step_4_99475409-5566-428f-9859-f084554facb0</new_name>
          <statecode>0</statecode>
          <statuscode>1</statuscode>
        </new_pmrecordingimagebinary>
        <new_pmrecordingimagebinary new_uniquename="step_7_9e380601-06d4-4dbe-968f-a24519f0bd32">
          <iscustomizable>1</iscustomizable>
          <new_data>{c70c7f34-b438-eb11-a813-0022486d7b82}</new_data>
          <new_iterationid>0cdab74c-2164-416f-9891-4aa5c4b619fe</new_iterationid>
          <new_mimetype>image/png</new_mimetype>
          <new_name>step_7_9e380601-06d4-4dbe-968f-a24519f0bd32</new_name>
          <statecode>0</statecode>
          <statuscode>1</statuscode>
        </new_pmrecordingimagebinary>
        <new_pmrecordingimagebinary new_uniquename="step_6_c38585f0-d320-4744-9781-04688c379d5c">
          <iscustomizable>1</iscustomizable>
          <new_data>{ef8d5535-b438-eb11-a813-0022486d71e7}</new_data>
          <new_iterationid>0cdab74c-2164-416f-9891-4aa5c4b619fe</new_iterationid>
          <new_mimetype>image/png</new_mimetype>
          <new_name>step_6_c38585f0-d320-4744-9781-04688c379d5c</new_name>
          <statecode>0</statecode>
          <statuscode>1</statuscode>
        </new_pmrecordingimagebinary>
        <new_pmrecordingimagebinary new_uniquename="step_3_c7ae4a56-0ca0-4bab-8d19-390adc379920">
          <iscustomizable>1</iscustomizable>
          <new_data>{bb0c7f34-b438-eb11-a813-0022486d7b82}</new_data>
          <new_iterationid>0cdab74c-2164-416f-9891-4aa5c4b619fe</new_iterationid>
          <new_mimetype>image/png</new_mimetype>
          <new_name>step_3_c7ae4a56-0ca0-4bab-8d19-390adc379920</new_name>
          <statecode>0</statecode>
          <statuscode>1</statuscode>
        </new_pmrecordingimagebinary>
        <new_pmrecordingimagebinary new_uniquename="step_12_fbded2f4-fab3-4dd0-a23e-01ab2d674df1">
          <iscustomizable>1</iscustomizable>
          <new_data>{f68d5535-b438-eb11-a813-0022486d71e7}</new_data>
          <new_iterationid>0cdab74c-2164-416f-9891-4aa5c4b619fe</new_iterationid>
          <new_mimetype>image/png</new_mimetype>
          <new_name>step_12_fbded2f4-fab3-4dd0-a23e-01ab2d674df1</new_name>
          <statecode>0</statecode>
          <statuscode>1</statuscode>
        </new_pmrecordingimagebinary>
        <new_pmrecordingimagebinary new_uniquename="step_11_ff943c1a-a504-4239-b551-c8118ae2cf0e">
          <iscustomizable>1</iscustomizable>
          <new_data>{f58d5535-b438-eb11-a813-0022486d71e7}</new_data>
          <new_iterationid>0cdab74c-2164-416f-9891-4aa5c4b619fe</new_iterationid>
          <new_mimetype>image/png</new_mimetype>
          <new_name>step_11_ff943c1a-a504-4239-b551-c8118ae2cf0e</new_name>
          <statecode>0</statecode>
          <statuscode>1</statuscode>
        </new_pmrecordingimagebinary>
      </new_pmrecordingimagebinaries>
    </msdyn_pmrecording>
    <msdyn_pmrecording msdyn_pmrecordingid="a359d823-bc33-eb11-a813-0022486d7b82">
      <iscustomizable>1</iscustomizable>
      <msdyn_iterationid>dea16b90-c155-4f42-b118-e8c33ecdb632</msdyn_iterationid>
      <msdyn_name>Preston Morales 12/1/2020, 11:01 AM</msdyn_name>
      <msdyn_normalizedrecording>{"SchemaVersion":1,"Id":"961036f2-54ad-4c1e-bf5b-9b660ab1938e","Name":"a059d823-bc33-eb11-a813-0022486d7b82","StartTimeStamp":"2020-12-01T10:02:28.206Z","EndTimeStamp":"2020-12-01T10:04:57.460Z","SourceType":1,"StartingStep":"1","CustomMetadata":null,"Steps":{"1":{"Name":"Press button in window","ActionType":0,"Description":"Start Button","ImageId":"d2d10d16-3f80-4dc1-872f-1982b9058eaa","TimeStamp":"2020-12-01T10:02:28.2063686+00:00","OutgoingTransitions":[{"NextStepId":"2"}]},"2":{"Name":"Send keys","ActionType":0,"Description":"TextToSend:'contoso'","ImageId":"","TimeStamp":"2020-12-01T10:02:32.5695517+00:00","OutgoingTransitions":[{"NextStepId":"3"}]},"3":{"Name":"Click UI element in window","ActionType":0,"Description":"List Item 'Contoso  ...  to switch preview' in Window 'Cortana'","ImageId":"a8d0e4bd-0e13-4803-8370-67034e83e630","TimeStamp":"2020-12-01T10:02:40.2163821+00:00","OutgoingTransitions":[{"NextStepId":"4"}]},"4":{"Name":"Click UI element in window","ActionType":0,"Description":"Tree 'TreeView' in Window 'Contoso Invoicing'","TimeStamp":"2020-12-01T10:02:46.423525+00:00","OutgoingTransitions":[{"NextStepId":"5"}]},"5":{"Name":"Click UI element in window","ActionType":0,"Description":"Text 'Bill of Exchange' in Window 'Contoso Invoicing'","ImageId":"9ed11bdc-ecc4-4f80-ad69-674be3e61592","TimeStamp":"2020-12-01T10:02:52.7937465+00:00","OutgoingTransitions":[{"NextStepId":"6"}]},"6":{"Name":"Click UI element in window","ActionType":0,"Description":"Image 'Image' in Window 'Contoso Invoicing'","ImageId":"2b15b865-3623-4969-8230-b62016363b1c","TimeStamp":"2020-12-01T10:02:57.949651+00:00","OutgoingTransitions":[{"NextStepId":"7"}]},"7":{"Name":"Populate text field in window","ActionType":0,"Description":"Edit 'TextBox' in Window 'Contoso Invoicing'; Text:'WingTip Toys'","ImageId":"60ae7c42-101d-47ff-b21c-5b1e07479bf5","TimeStamp":"2020-12-01T10:03:12.1348836+00:00","OutgoingTransitions":[{"NextStepId":"8"}]},"8":{"Name":"Click UI element in window","ActionType":0,"Description":"Edit 'TextBox' 2 in Window 'Contoso Invoicing'","ImageId":"583ba9ff-0e78-488c-a47c-bdb6f89341df","TimeStamp":"2020-12-01T10:03:15.2486873+00:00","OutgoingTransitions":[{"NextStepId":"9"}]},"9":{"Name":"Send keys","ActionType":0,"Description":"TextToSend:'{LMenu}({Tab})'","ImageId":"","TimeStamp":"2020-12-01T10:03:53.0246816+00:00","OutgoingTransitions":[{"NextStepId":"10"}]},"10":{"Name":"Press button in window","ActionType":0,"Description":"Contoso Invoicing - 1 running window in Quick Launch Bar","ImageId":"d3238328-44d4-4ea8-b97f-7019cef46020","TimeStamp":"2020-12-01T10:04:03.0912697+00:00","OutgoingTransitions":[{"NextStepId":"11"}]},"11":{"Name":"Populate text field in window","ActionType":0,"Description":"Edit 'TextBox' 2 in Window 'Contoso Invoicing'; Text:'bdriday@wingtiptoys.com'","ImageId":"870ab911-7b81-43f5-a7a4-775d4a4a790a","TimeStamp":"2020-12-01T10:04:20.835577+00:00","OutgoingTransitions":[{"NextStepId":"12"}]},"12":{"Name":"Populate text field in window","ActionType":0,"Description":"Edit 'TextBox' 3 in Window 'Contoso Invoicing'; Text:'18000'","ImageId":"d1e13098-418a-4989-b4e0-0d4bc0bc60f9","TimeStamp":"2020-12-01T10:04:27.9883823+00:00","OutgoingTransitions":[{"NextStepId":"13"}]},"13":{"Name":"Set drop-down list value in window","ActionType":0,"Description":"Combo Box 'ComboBox' in Window 'Contoso Invoicing'","ImageId":"ab162c49-10cd-474d-9411-ed2fbe260105","TimeStamp":"2020-12-01T10:04:34.7920465+00:00","OutgoingTransitions":[{"NextStepId":"14"}]},"14":{"Name":"Click UI element in window","ActionType":0,"Description":"Text 'Save Changes' in Window 'Contoso Invoicing'","ImageId":"7a533adf-a5a0-4513-bb6a-ce5992c24dd4","TimeStamp":"2020-12-01T10:04:39.1914448+00:00","OutgoingTransitions":[{"NextStepId":"15"}]},"15":{"Name":"Select tab in window","ActionType":0,"Description":"Tab Item 'Notes' in Window 'Contoso Invoicing'","ImageId":"168cca7d-7b12-4437-b05e-43d88b92e4d9","TimeStamp":"2020-12-01T10:04:45.5343387+00:00","OutgoingTransitions":[{"NextStepId":"16"}]},"16":{"Name":"Select tab in window","ActionType":0,"Description":"Tab Item 'Notes' in Window 'Contoso Invoicing'","ImageId":"7d63afcc-5a4c-4908-b13d-3f41a3280ffa","TimeStamp":"2020-12-01T10:04:46.6164686+00:00","OutgoingTransitions":[{"NextStepId":"17"}]},"17":{"Name":"Click UI element in window","ActionType":0,"Description":"Text 'WingTip Toys' in Window 'Contoso Invoicing'","ImageId":"81d23e16-bee5-4a06-a5dc-98522c3f20f4","TimeStamp":"2020-12-01T10:04:49.2625849+00:00","OutgoingTransitions":[{"NextStepId":"18"}]},"18":{"Name":"Select tab in window","ActionType":0,"Description":"Tab Item 'Notes' in Window 'Contoso Invoicing'","ImageId":"c90fde9c-4853-4128-ba72-c0135fb3cf71","TimeStamp":"2020-12-01T10:04:51.1619104+00:00","OutgoingTransitions":[{"NextStepId":"19"}]},"19":{"Name":"Close window","ActionType":0,"Description":"Window 'Contoso Invoicing'","ImageId":"c6d58b1d-01f0-4ed2-8e35-676c39ff72ee","TimeStamp":"2020-12-01T10:04:56.1468254+00:00","OutgoingTransitions":[{"NextStepId":"20"}]},"20":{"Name":"Press button in window","ActionType":0,"Description":"Power Automate Recorder - 1 running window in Quick Launch Bar","ImageId":"cbc84845-a2bf-4ebc-b672-f71fbeb32acc","TimeStamp":"2020-12-01T10:04:57.4607747+00:00","OutgoingTransitions":[]}},"StepGroups":{"2b6c0d89-9532-47b4-9cbf-c1feed08497b":{"Steps":["1","2","3"],"Name":"Open Contoso Invoicing app"},"64a76f88-85a3-4e83-9ea1-406cb2cb2675":{"Steps":["4","5"],"Name":"Open invoice document"},"53161338-9a29-4fac-bbd0-86105451e07a":{"Steps":["6"],"Name":"Create new invoice"},"0c516245-631f-4656-804d-8eeb6bf41d51":{"Steps":["7","8","9","10","11","12","13","14","15"],"Name":"Fill invoice form"},"f11ce774-b0f3-4ae4-b4eb-1ca6dbd82b89":{"Steps":["16","17","18","19","20"],"Name":"Save invoice"}}}</msdyn_normalizedrecording>
      <msdyn_parenttask>
        <msdyn_pminferredtaskid>5b583e21-bc33-eb11-a813-0022486d71e7</msdyn_pminferredtaskid>
      </msdyn_parenttask>
      <msdyn_publishingstatus>192350001</msdyn_publishingstatus>
      <msdyn_sourceworkflow>
        <workflowid>a059d823-bc33-eb11-a813-0022486d7b82</workflowid>
      </msdyn_sourceworkflow>
      <msdyn_type>192350000</msdyn_type>
      <statecode>2</statecode>
      <statuscode>6</statuscode>
      <new_pmrecordingimagebinaries>
        <new_pmrecordingimagebinary new_uniquename="step_15_168cca7d-7b12-4437-b05e-43d88b92e4d9">
          <iscustomizable>1</iscustomizable>
          <new_data>{f29cb0cc-bc33-eb11-a813-0022486d71e7}</new_data>
          <new_iterationid>dea16b90-c155-4f42-b118-e8c33ecdb632</new_iterationid>
          <new_mimetype>image/png</new_mimetype>
          <new_name>step_15_168cca7d-7b12-4437-b05e-43d88b92e4d9</new_name>
          <statecode>0</statecode>
          <statuscode>1</statuscode>
        </new_pmrecordingimagebinary>
        <new_pmrecordingimagebinary new_uniquename="step_6_2b15b865-3623-4969-8230-b62016363b1c">
          <iscustomizable>1</iscustomizable>
          <new_data>{f65c78c9-bc33-eb11-a813-0022486d7b82}</new_data>
          <new_iterationid>dea16b90-c155-4f42-b118-e8c33ecdb632</new_iterationid>
          <new_mimetype>image/png</new_mimetype>
          <new_name>step_6_2b15b865-3623-4969-8230-b62016363b1c</new_name>
          <statecode>0</statecode>
          <statuscode>1</statuscode>
        </new_pmrecordingimagebinary>
        <new_pmrecordingimagebinary new_uniquename="step_8_583ba9ff-0e78-488c-a47c-bdb6f89341df">
          <iscustomizable>1</iscustomizable>
          <new_data>{e99cb0cc-bc33-eb11-a813-0022486d71e7}</new_data>
          <new_iterationid>dea16b90-c155-4f42-b118-e8c33ecdb632</new_iterationid>
          <new_mimetype>image/png</new_mimetype>
          <new_name>step_8_583ba9ff-0e78-488c-a47c-bdb6f89341df</new_name>
          <statecode>0</statecode>
          <statuscode>1</statuscode>
        </new_pmrecordingimagebinary>
        <new_pmrecordingimagebinary new_uniquename="step_7_60ae7c42-101d-47ff-b21c-5b1e07479bf5">
          <iscustomizable>1</iscustomizable>
          <new_data>{f85c78c9-bc33-eb11-a813-0022486d7b82}</new_data>
          <new_iterationid>dea16b90-c155-4f42-b118-e8c33ecdb632</new_iterationid>
          <new_mimetype>image/png</new_mimetype>
          <new_name>step_7_60ae7c42-101d-47ff-b21c-5b1e07479bf5</new_name>
          <statecode>0</statecode>
          <statuscode>1</statuscode>
        </new_pmrecordingimagebinary>
        <new_pmrecordingimagebinary new_uniquename="step_14_7a533adf-a5a0-4513-bb6a-ce5992c24dd4">
          <iscustomizable>1</iscustomizable>
          <new_data>{56677ecf-bc33-eb11-a813-0022486d7b82}</new_data>
          <new_iterationid>dea16b90-c155-4f42-b118-e8c33ecdb632</new_iterationid>
          <new_mimetype>image/png</new_mimetype>
          <new_name>step_14_7a533adf-a5a0-4513-bb6a-ce5992c24dd4</new_name>
          <statecode>0</statecode>
          <statuscode>1</statuscode>
        </new_pmrecordingimagebinary>
        <new_pmrecordingimagebinary new_uniquename="step_16_7d63afcc-5a4c-4908-b13d-3f41a3280ffa">
          <iscustomizable>1</iscustomizable>
          <new_data>{f49cb0cc-bc33-eb11-a813-0022486d71e7}</new_data>
          <new_iterationid>dea16b90-c155-4f42-b118-e8c33ecdb632</new_iterationid>
          <new_mimetype>image/png</new_mimetype>
          <new_name>step_16_7d63afcc-5a4c-4908-b13d-3f41a3280ffa</new_name>
          <statecode>0</statecode>
          <statuscode>1</statuscode>
        </new_pmrecordingimagebinary>
        <new_pmrecordingimagebinary new_uniquename="step_17_81d23e16-bee5-4a06-a5dc-98522c3f20f4">
          <iscustomizable>1</iscustomizable>
          <new_data>{59677ecf-bc33-eb11-a813-0022486d7b82}</new_data>
          <new_iterationid>dea16b90-c155-4f42-b118-e8c33ecdb632</new_iterationid>
          <new_mimetype>image/png</new_mimetype>
          <new_name>step_17_81d23e16-bee5-4a06-a5dc-98522c3f20f4</new_name>
          <statecode>0</statecode>
          <statuscode>1</statuscode>
        </new_pmrecordingimagebinary>
        <new_pmrecordingimagebinary new_uniquename="step_11_870ab911-7b81-43f5-a7a4-775d4a4a790a">
          <iscustomizable>1</iscustomizable>
          <new_data>{ec9cb0cc-bc33-eb11-a813-0022486d71e7}</new_data>
          <new_iterationid>dea16b90-c155-4f42-b118-e8c33ecdb632</new_iterationid>
          <new_mimetype>image/png</new_mimetype>
          <new_name>step_11_870ab911-7b81-43f5-a7a4-775d4a4a790a</new_name>
          <statecode>0</statecode>
          <statuscode>1</statuscode>
        </new_pmrecordingimagebinary>
        <new_pmrecordingimagebinary new_uniquename="step_5_9ed11bdc-ecc4-4f80-ad69-674be3e61592">
          <iscustomizable>1</iscustomizable>
          <new_data>{e69cb0cc-bc33-eb11-a813-0022486d71e7}</new_data>
          <new_iterationid>dea16b90-c155-4f42-b118-e8c33ecdb632</new_iterationid>
          <new_mimetype>image/png</new_mimetype>
          <new_name>step_5_9ed11bdc-ecc4-4f80-ad69-674be3e61592</new_name>
          <statecode>0</statecode>
          <statuscode>1</statuscode>
        </new_pmrecordingimagebinary>
        <new_pmrecordingimagebinary new_uniquename="step_3_a8d0e4bd-0e13-4803-8370-67034e83e630">
          <iscustomizable>1</iscustomizable>
          <new_data>{e39cb0cc-bc33-eb11-a813-0022486d71e7}</new_data>
          <new_iterationid>dea16b90-c155-4f42-b118-e8c33ecdb632</new_iterationid>
          <new_mimetype>image/png</new_mimetype>
          <new_name>step_3_a8d0e4bd-0e13-4803-8370-67034e83e630</new_name>
          <statecode>0</statecode>
          <statuscode>1</statuscode>
        </new_pmrecordingimagebinary>
        <new_pmrecordingimagebinary new_uniquename="step_13_ab162c49-10cd-474d-9411-ed2fbe260105">
          <iscustomizable>1</iscustomizable>
          <new_data>{55677ecf-bc33-eb11-a813-0022486d7b82}</new_data>
          <new_iterationid>dea16b90-c155-4f42-b118-e8c33ecdb632</new_iterationid>
          <new_mimetype>image/png</new_mimetype>
          <new_name>step_13_ab162c49-10cd-474d-9411-ed2fbe260105</new_name>
          <statecode>0</statecode>
          <statuscode>1</statuscode>
        </new_pmrecordingimagebinary>
        <new_pmrecordingimagebinary new_uniquename="step_19_c6d58b1d-01f0-4ed2-8e35-676c39ff72ee">
          <iscustomizable>1</iscustomizable>
          <new_data>{f69cb0cc-bc33-eb11-a813-0022486d71e7}</new_data>
          <new_iterationid>dea16b90-c155-4f42-b118-e8c33ecdb632</new_iterationid>
          <new_mimetype>image/png</new_mimetype>
          <new_name>step_19_c6d58b1d-01f0-4ed2-8e35-676c39ff72ee</new_name>
          <statecode>0</statecode>
          <statuscode>1</statuscode>
        </new_pmrecordingimagebinary>
        <new_pmrecordingimagebinary new_uniquename="step_18_c90fde9c-4853-4128-ba72-c0135fb3cf71">
          <iscustomizable>1</iscustomizable>
          <new_data>{f59cb0cc-bc33-eb11-a813-0022486d71e7}</new_data>
          <new_iterationid>dea16b90-c155-4f42-b118-e8c33ecdb632</new_iterationid>
          <new_mimetype>image/png</new_mimetype>
          <new_name>step_18_c90fde9c-4853-4128-ba72-c0135fb3cf71</new_name>
          <statecode>0</statecode>
          <statuscode>1</statuscode>
        </new_pmrecordingimagebinary>
        <new_pmrecordingimagebinary new_uniquename="step_20_cbc84845-a2bf-4ebc-b672-f71fbeb32acc">
          <iscustomizable>1</iscustomizable>
          <new_data>{f79cb0cc-bc33-eb11-a813-0022486d71e7}</new_data>
          <new_iterationid>dea16b90-c155-4f42-b118-e8c33ecdb632</new_iterationid>
          <new_mimetype>image/png</new_mimetype>
          <new_name>step_20_cbc84845-a2bf-4ebc-b672-f71fbeb32acc</new_name>
          <statecode>0</statecode>
          <statuscode>1</statuscode>
        </new_pmrecordingimagebinary>
        <new_pmrecordingimagebinary new_uniquename="step_12_d1e13098-418a-4989-b4e0-0d4bc0bc60f9">
          <iscustomizable>1</iscustomizable>
          <new_data>{ee9cb0cc-bc33-eb11-a813-0022486d71e7}</new_data>
          <new_iterationid>dea16b90-c155-4f42-b118-e8c33ecdb632</new_iterationid>
          <new_mimetype>image/png</new_mimetype>
          <new_name>step_12_d1e13098-418a-4989-b4e0-0d4bc0bc60f9</new_name>
          <statecode>0</statecode>
          <statuscode>1</statuscode>
        </new_pmrecordingimagebinary>
        <new_pmrecordingimagebinary new_uniquename="step_1_d2d10d16-3f80-4dc1-872f-1982b9058eaa">
          <iscustomizable>1</iscustomizable>
          <new_data>{e29cb0cc-bc33-eb11-a813-0022486d71e7}</new_data>
          <new_iterationid>dea16b90-c155-4f42-b118-e8c33ecdb632</new_iterationid>
          <new_mimetype>image/png</new_mimetype>
          <new_name>step_1_d2d10d16-3f80-4dc1-872f-1982b9058eaa</new_name>
          <statecode>0</statecode>
          <statuscode>1</statuscode>
        </new_pmrecordingimagebinary>
        <new_pmrecordingimagebinary new_uniquename="step_10_d3238328-44d4-4ea8-b97f-7019cef46020">
          <iscustomizable>1</iscustomizable>
          <new_data>{eb9cb0cc-bc33-eb11-a813-0022486d71e7}</new_data>
          <new_iterationid>dea16b90-c155-4f42-b118-e8c33ecdb632</new_iterationid>
          <new_mimetype>image/png</new_mimetype>
          <new_name>step_10_d3238328-44d4-4ea8-b97f-7019cef46020</new_name>
          <statecode>0</statecode>
          <statuscode>1</statuscode>
        </new_pmrecordingimagebinary>
      </new_pmrecordingimagebinaries>
    </msdyn_pmrecording>
    <msdyn_pmrecording msdyn_pmrecordingid="caea1fe5-bc33-eb11-a813-0022486d71e7">
      <iscustomizable>1</iscustomizable>
      <msdyn_iterationid>9c75df56-78fa-4221-bc4a-442200c62378</msdyn_iterationid>
      <msdyn_name>Shakti Menon 12/1/2020, 11:06 AM</msdyn_name>
      <msdyn_normalizedrecording>{"SchemaVersion":1,"Id":"e23307ba-d38b-4287-8bbd-8a32b124dc46","Name":"4a5a5ae4-bc33-eb11-a813-0022486d7b82","StartTimeStamp":"2020-12-01T10:06:52.699Z","EndTimeStamp":"2020-12-01T10:09:05.024Z","SourceType":1,"StartingStep":"1","CustomMetadata":null,"Steps":{"1":{"Name":"Press button in window","ActionType":0,"Description":"Document 'Chrome_RenderWidgetHostHWND' in Pane 'Process  ...  Chrome - Alana'","ImageId":"c4fb1a20-5770-4fce-b227-d8e26ddc8efd","TimeStamp":"2020-12-01T10:06:52.6997568+00:00","OutgoingTransitions":[{"NextStepId":"2"}]},"2":{"Name":"Send keys","ActionType":0,"Description":"TextToSend:'con,t{Back}{Back}toso '","ImageId":"","TimeStamp":"2020-12-01T10:06:54.2827545+00:00","OutgoingTransitions":[{"NextStepId":"3"}]},"3":{"Name":"Press button in window","ActionType":0,"Description":"Start Button","ImageId":"b512cc95-87b3-43dd-ad71-5aaad33ef9de","TimeStamp":"2020-12-01T10:07:56.5042298+00:00","OutgoingTransitions":[{"NextStepId":"4"}]},"4":{"Name":"Send keys","ActionType":0,"Description":"TextToSend:'contoso in'","ImageId":"","TimeStamp":"2020-12-01T10:07:57.3641816+00:00","OutgoingTransitions":[{"NextStepId":"5"}]},"5":{"Name":"Click UI element in window","ActionType":0,"Description":"List Item 'Contoso  ...  to switch preview' in Window 'Cortana'","ImageId":"b4e5ac63-e136-4969-bf22-3c55c6771a50","TimeStamp":"2020-12-01T10:08:01.9378976+00:00","OutgoingTransitions":[{"NextStepId":"6"}]},"6":{"Name":"Click UI element in window","ActionType":0,"Description":"UI Custom 'FolderIcon' in Window 'Contoso Invoicing'","ImageId":"d2a2656f-67c2-47b9-9dac-052ff952d1e2","TimeStamp":"2020-12-01T10:08:09.116706+00:00","OutgoingTransitions":[{"NextStepId":"7"}]},"7":{"Name":"Click UI element in window","ActionType":0,"Description":"Text 'Invoices' in Window 'Contoso Invoicing'","ImageId":"7e58b71a-84b6-44b3-8b9c-c5cc4c98c988","TimeStamp":"2020-12-01T10:08:10.0365772+00:00","OutgoingTransitions":[{"NextStepId":"8"}]},"8":{"Name":"Click UI element in window","ActionType":0,"Description":"Image 'Image' in Window 'Contoso Invoicing'","ImageId":"ee6b3c66-08e5-4e66-8107-925d46904552","TimeStamp":"2020-12-01T10:08:15.3317234+00:00","OutgoingTransitions":[{"NextStepId":"9"}]},"9":{"Name":"Populate text field in window","ActionType":0,"Description":"Edit 'TextBox' in Window 'Contoso Invoicing'; Text:'Fabirkam'","ImageId":"5ec8009e-fd67-4f64-8be8-abc3784516ee","TimeStamp":"2020-12-01T10:08:24.3598434+00:00","OutgoingTransitions":[{"NextStepId":"10"}]},"10":{"Name":"Populate text field in window","ActionType":0,"Description":"Edit 'TextBox' 2 in Window 'Contoso Invoicing'; Text:'invoicing@fabrikam'","ImageId":"1bf2f32e-e065-4e25-b88c-0a4808dd476b","TimeStamp":"2020-12-01T10:08:34.9031406+00:00","OutgoingTransitions":[{"NextStepId":"11"}]},"11":{"Name":"Click UI element in window","ActionType":0,"Description":"Tab 'TabControl' in Window 'Contoso Invoicing'","ImageId":"bb73049d-8dfa-4a12-b5aa-7209f40efa74","TimeStamp":"2020-12-01T10:08:36.2119269+00:00","OutgoingTransitions":[{"NextStepId":"12"}]},"12":{"Name":"Populate text field in window","ActionType":0,"Description":"Edit 'TextBox' 3 in Window 'Contoso Invoicing'; Text:'29000'","ImageId":"72a1cc03-447f-4568-bfac-ca04a81df133","TimeStamp":"2020-12-01T10:08:56.3671926+00:00","OutgoingTransitions":[{"NextStepId":"13"}]},"13":{"Name":"Set drop-down list value in window","ActionType":0,"Description":"Combo Box 'ComboBox' in Window 'Contoso Invoicing'","ImageId":"d5ec8bd9-79b7-47fb-abd8-368587729146","TimeStamp":"2020-12-01T10:09:00.411432+00:00","OutgoingTransitions":[{"NextStepId":"14"}]},"14":{"Name":"Click UI element in window","ActionType":0,"Description":"Text 'Document Entry' in Window 'Contoso Invoicing'","ImageId":"c14accd6-cd53-43b6-8965-74f79c63d657","TimeStamp":"2020-12-01T10:09:02.7054855+00:00","OutgoingTransitions":[{"NextStepId":"15"}]},"15":{"Name":"Click UI element in window","ActionType":0,"Description":"Menu 'Menu' in Window 'Contoso Invoicing'","ImageId":"d35726d3-6c72-43a3-b991-c545a6125642","TimeStamp":"2020-12-01T10:09:05.0243153+00:00","OutgoingTransitions":[]}},"StepGroups":{"76e55456-2cd0-4b6c-808f-5208f230de35":{"Steps":["1"],"Name":"Open Contoso Invoicing app"},"3bceeafc-c38e-4706-84a8-0353ee76d2ab":{"Steps":["2","3","4","5","6","7"],"Name":"Open invoice email attachment"},"ce638630-5227-4562-869a-c1cc4ab538b9":{"Steps":["8"],"Name":"Create new invoice"},"70561ba2-7834-4b2a-b3cd-c98853db667c":{"Steps":["9","10","11","12","13"],"Name":"Fill invoice form"},"02f35d31-34a2-400f-8fdc-96532d32986e":{"Steps":["14","15"],"Name":"Save invoice"}}}</msdyn_normalizedrecording>
      <msdyn_parenttask>
        <msdyn_pminferredtaskid>5b583e21-bc33-eb11-a813-0022486d71e7</msdyn_pminferredtaskid>
      </msdyn_parenttask>
      <msdyn_publishingstatus>192350001</msdyn_publishingstatus>
      <msdyn_sourceworkflow>
        <workflowid>4a5a5ae4-bc33-eb11-a813-0022486d7b82</workflowid>
      </msdyn_sourceworkflow>
      <msdyn_type>192350000</msdyn_type>
      <statecode>2</statecode>
      <statuscode>6</statuscode>
      <new_pmrecordingimagebinaries>
        <new_pmrecordingimagebinary new_uniquename="step_10_1bf2f32e-e065-4e25-b88c-0a4808dd476b">
          <iscustomizable>1</iscustomizable>
          <new_data>{5d24a544-bd33-eb11-a813-0022486d71e7}</new_data>
          <new_iterationid>9c75df56-78fa-4221-bc4a-442200c62378</new_iterationid>
          <new_mimetype>image/png</new_mimetype>
          <new_name>step_10_1bf2f32e-e065-4e25-b88c-0a4808dd476b</new_name>
          <statecode>0</statecode>
          <statuscode>1</statuscode>
        </new_pmrecordingimagebinary>
        <new_pmrecordingimagebinary new_uniquename="step_9_5ec8009e-fd67-4f64-8be8-abc3784516ee">
          <iscustomizable>1</iscustomizable>
          <new_data>{aa82d643-bd33-eb11-a813-0022486d7b82}</new_data>
          <new_iterationid>9c75df56-78fa-4221-bc4a-442200c62378</new_iterationid>
          <new_mimetype>image/png</new_mimetype>
          <new_name>step_9_5ec8009e-fd67-4f64-8be8-abc3784516ee</new_name>
          <statecode>0</statecode>
          <statuscode>1</statuscode>
        </new_pmrecordingimagebinary>
        <new_pmrecordingimagebinary new_uniquename="step_12_72a1cc03-447f-4568-bfac-ca04a81df133">
          <iscustomizable>1</iscustomizable>
          <new_data>{6124a544-bd33-eb11-a813-0022486d71e7}</new_data>
          <new_iterationid>9c75df56-78fa-4221-bc4a-442200c62378</new_iterationid>
          <new_mimetype>image/png</new_mimetype>
          <new_name>step_12_72a1cc03-447f-4568-bfac-ca04a81df133</new_name>
          <statecode>0</statecode>
          <statuscode>1</statuscode>
        </new_pmrecordingimagebinary>
        <new_pmrecordingimagebinary new_uniquename="step_7_7e58b71a-84b6-44b3-8b9c-c5cc4c98c988">
          <iscustomizable>1</iscustomizable>
          <new_data>{a982d643-bd33-eb11-a813-0022486d7b82}</new_data>
          <new_iterationid>9c75df56-78fa-4221-bc4a-442200c62378</new_iterationid>
          <new_mimetype>image/png</new_mimetype>
          <new_name>step_7_7e58b71a-84b6-44b3-8b9c-c5cc4c98c988</new_name>
          <statecode>0</statecode>
          <statuscode>1</statuscode>
        </new_pmrecordingimagebinary>
        <new_pmrecordingimagebinary new_uniquename="step_5_b4e5ac63-e136-4969-bf22-3c55c6771a50">
          <iscustomizable>1</iscustomizable>
          <new_data>{a682d643-bd33-eb11-a813-0022486d7b82}</new_data>
          <new_iterationid>9c75df56-78fa-4221-bc4a-442200c62378</new_iterationid>
          <new_mimetype>image/png</new_mimetype>
          <new_name>step_5_b4e5ac63-e136-4969-bf22-3c55c6771a50</new_name>
          <statecode>0</statecode>
          <statuscode>1</statuscode>
        </new_pmrecordingimagebinary>
        <new_pmrecordingimagebinary new_uniquename="step_3_b512cc95-87b3-43dd-ad71-5aaad33ef9de">
          <iscustomizable>1</iscustomizable>
          <new_data>{a582d643-bd33-eb11-a813-0022486d7b82}</new_data>
          <new_iterationid>9c75df56-78fa-4221-bc4a-442200c62378</new_iterationid>
          <new_mimetype>image/png</new_mimetype>
          <new_name>step_3_b512cc95-87b3-43dd-ad71-5aaad33ef9de</new_name>
          <statecode>0</statecode>
          <statuscode>1</statuscode>
        </new_pmrecordingimagebinary>
        <new_pmrecordingimagebinary new_uniquename="step_11_bb73049d-8dfa-4a12-b5aa-7209f40efa74">
          <iscustomizable>1</iscustomizable>
          <new_data>{ac82d643-bd33-eb11-a813-0022486d7b82}</new_data>
          <new_iterationid>9c75df56-78fa-4221-bc4a-442200c62378</new_iterationid>
          <new_mimetype>image/png</new_mimetype>
          <new_name>step_11_bb73049d-8dfa-4a12-b5aa-7209f40efa74</new_name>
          <statecode>0</statecode>
          <statuscode>1</statuscode>
        </new_pmrecordingimagebinary>
        <new_pmrecordingimagebinary new_uniquename="step_14_c14accd6-cd53-43b6-8965-74f79c63d657">
          <iscustomizable>1</iscustomizable>
          <new_data>{b082d643-bd33-eb11-a813-0022486d7b82}</new_data>
          <new_iterationid>9c75df56-78fa-4221-bc4a-442200c62378</new_iterationid>
          <new_mimetype>image/png</new_mimetype>
          <new_name>step_14_c14accd6-cd53-43b6-8965-74f79c63d657</new_name>
          <statecode>0</statecode>
          <statuscode>1</statuscode>
        </new_pmrecordingimagebinary>
        <new_pmrecordingimagebinary new_uniquename="step_1_c4fb1a20-5770-4fce-b227-d8e26ddc8efd">
          <iscustomizable>1</iscustomizable>
          <new_data>{a482d643-bd33-eb11-a813-0022486d7b82}</new_data>
          <new_iterationid>9c75df56-78fa-4221-bc4a-442200c62378</new_iterationid>
          <new_mimetype>image/png</new_mimetype>
          <new_name>step_1_c4fb1a20-5770-4fce-b227-d8e26ddc8efd</new_name>
          <statecode>0</statecode>
          <statuscode>1</statuscode>
        </new_pmrecordingimagebinary>
        <new_pmrecordingimagebinary new_uniquename="step_6_d2a2656f-67c2-47b9-9dac-052ff952d1e2">
          <iscustomizable>1</iscustomizable>
          <new_data>{a782d643-bd33-eb11-a813-0022486d7b82}</new_data>
          <new_iterationid>9c75df56-78fa-4221-bc4a-442200c62378</new_iterationid>
          <new_mimetype>image/png</new_mimetype>
          <new_name>step_6_d2a2656f-67c2-47b9-9dac-052ff952d1e2</new_name>
          <statecode>0</statecode>
          <statuscode>1</statuscode>
        </new_pmrecordingimagebinary>
        <new_pmrecordingimagebinary new_uniquename="step_15_d35726d3-6c72-43a3-b991-c545a6125642">
          <iscustomizable>1</iscustomizable>
          <new_data>{b182d643-bd33-eb11-a813-0022486d7b82}</new_data>
          <new_iterationid>9c75df56-78fa-4221-bc4a-442200c62378</new_iterationid>
          <new_mimetype>image/png</new_mimetype>
          <new_name>step_15_d35726d3-6c72-43a3-b991-c545a6125642</new_name>
          <statecode>0</statecode>
          <statuscode>1</statuscode>
        </new_pmrecordingimagebinary>
        <new_pmrecordingimagebinary new_uniquename="step_13_d5ec8bd9-79b7-47fb-abd8-368587729146">
          <iscustomizable>1</iscustomizable>
          <new_data>{ae82d643-bd33-eb11-a813-0022486d7b82}</new_data>
          <new_iterationid>9c75df56-78fa-4221-bc4a-442200c62378</new_iterationid>
          <new_mimetype>image/png</new_mimetype>
          <new_name>step_13_d5ec8bd9-79b7-47fb-abd8-368587729146</new_name>
          <statecode>0</statecode>
          <statuscode>1</statuscode>
        </new_pmrecordingimagebinary>
        <new_pmrecordingimagebinary new_uniquename="step_8_ee6b3c66-08e5-4e66-8107-925d46904552">
          <iscustomizable>1</iscustomizable>
          <new_data>{5b24a544-bd33-eb11-a813-0022486d71e7}</new_data>
          <new_iterationid>9c75df56-78fa-4221-bc4a-442200c62378</new_iterationid>
          <new_mimetype>image/png</new_mimetype>
          <new_name>step_8_ee6b3c66-08e5-4e66-8107-925d46904552</new_name>
          <statecode>0</statecode>
          <statuscode>1</statuscode>
        </new_pmrecordingimagebinary>
      </new_pmrecordingimagebinaries>
    </msdyn_pmrecording>
    <msdyn_pmrecording msdyn_pmrecordingid="dbc675e9-b138-eb11-a813-0022486d7b82">
      <iscustomizable>1</iscustomizable>
      <msdyn_iterationid>b3e400b2-4e08-4c82-aadc-813994a21ec5</msdyn_iterationid>
      <msdyn_name>Christopher Reed 12/7/2020, 6:30 PM</msdyn_name>
      <msdyn_normalizedrecording>{"SchemaVersion":1,"Id":"6a2a42ff-ee18-44f2-af38-532c2bb83f9c","Name":"d5857ceb-b138-eb11-a813-0022486d71e7","StartTimeStamp":"2020-12-07T17:36:47.931Z","EndTimeStamp":"2020-12-07T17:37:45.318Z","SourceType":1,"StartingStep":"1","CustomMetadata":null,"Steps":{"1":{"Name":"Press button in window","ActionType":0,"Description":"Document 'Chrome_RenderWidgetHostHWND' in Pane 'Process  ...  Chrome '","ImageId":"6baae5d4-2fd0-4070-b050-58f6efcc961d","TimeStamp":"2020-12-07T17:36:47.9315565+00:00","OutgoingTransitions":[{"NextStepId":"2"}]},"2":{"Name":"Send keys","ActionType":0,"Description":"TextToSend:'conoso{Back}{Back}{Back}toso'","ImageId":"","TimeStamp":"2020-12-07T17:36:49.4606114+00:00","OutgoingTransitions":[{"NextStepId":"3"}]},"3":{"Name":"Click UI element in window","ActionType":0,"Description":"List Item 'Contoso  ...  to switch preview' in Window 'Cortana'","ImageId":"a4398abd-4136-411e-a324-3eddbb3e7e70","TimeStamp":"2020-12-07T17:37:01.8339379+00:00","OutgoingTransitions":[{"NextStepId":"4"}]},"4":{"Name":"Press button in window","ActionType":0,"Description":"Group in Pane 'Process  ...  Chrome '","ImageId":"bae394d9-69fc-4040-923b-bbd5ba3b1103","TimeStamp":"2020-12-07T17:37:04.4912438+00:00","OutgoingTransitions":[{"NextStepId":"5"}]},"5":{"Name":"Click UI element in window","ActionType":0,"Description":"Tree Item 'From  ...  Status Unflagged, ' in Window 'Inbox - Outlook'","ImageId":"4ea08cf5-a5d8-4313-9012-a4d3c18a8ec3","TimeStamp":"2020-12-07T17:37:12.7677989+00:00","OutgoingTransitions":[{"NextStepId":"6"}]},"6":{"Name":"Press button in window","ActionType":0,"Description":"Contoso Invoicing - 1 running window in Quick Launch Bar","ImageId":"42b21b40-1df3-4afa-80e9-7f3d3dd6e36d","TimeStamp":"2020-12-07T17:37:19.0982987+00:00","OutgoingTransitions":[{"NextStepId":"7"}]},"7":{"Name":"Click UI element in window","ActionType":0,"Description":"Group 'Groups' in Window 'Inbox - Outlook'","ImageId":"f43b2413-dd82-4692-a746-1e2d9dfa2659","TimeStamp":"2020-12-07T17:37:21.0360644+00:00","OutgoingTransitions":[{"NextStepId":"8"}]},"8":{"Name":"Move window","ActionType":0,"Description":"Window 'Contoso Invoicing'","ImageId":"515bea9f-40e3-446c-a236-38c17a40450e","TimeStamp":"2020-12-07T17:37:21.7438489+00:00","OutgoingTransitions":[{"NextStepId":"9"}]},"9":{"Name":"Click UI element in window","ActionType":0,"Description":"Title Bar in Window 'Contoso Invoicing'","ImageId":"30b84ceb-cc57-4683-99c8-614e81536fc6","TimeStamp":"2020-12-07T17:37:21.7338513+00:00","OutgoingTransitions":[{"NextStepId":"10"}]},"10":{"Name":"Click UI element in window","ActionType":0,"Description":"Image 'Image' in Window 'Contoso Invoicing'","ImageId":"1f11ce6c-0fbf-411a-8ae6-93e496be1a81","TimeStamp":"2020-12-07T17:37:25.6916798+00:00","OutgoingTransitions":[{"NextStepId":"11"}]},"11":{"Name":"Press button in window","ActionType":0,"Description":"Button 'Button' in Window 'Contoso Invoicing'","ImageId":"e3b949fa-a62e-4576-9f1b-e86a29d076eb","TimeStamp":"2020-12-07T17:37:26.3093788+00:00","OutgoingTransitions":[{"NextStepId":"12"}]},"12":{"Name":"Press button in window","ActionType":0,"Description":"Button 'Button' in Window 'Contoso Invoicing'","ImageId":"9b1cc0b2-542c-4baf-a720-664189c51f68","TimeStamp":"2020-12-07T17:37:27.5841462+00:00","OutgoingTransitions":[{"NextStepId":"13"}]},"13":{"Name":"Click UI element in window","ActionType":0,"Description":"Tab 'TabControl' in Window 'Contoso Invoicing'","ImageId":"fe5d0764-6076-42a8-a93e-971b2050d327","TimeStamp":"2020-12-07T17:37:29.2579438+00:00","OutgoingTransitions":[{"NextStepId":"14"}]},"14":{"Name":"Populate text field in window","ActionType":0,"Description":"Edit 'TextBox' in Window 'Contoso Invoicing'; Text:'Fabrikam'","ImageId":"6d537137-fffe-49b5-ad13-f10e2ce9f4b5","TimeStamp":"2020-12-07T17:37:32.5654191+00:00","OutgoingTransitions":[{"NextStepId":"15"}]},"15":{"Name":"Populate text field in window","ActionType":0,"Description":"Edit 'TextBox' 2 in Window 'Contoso Invoicing'; Text:'contact@fabrikam.com'","ImageId":"719bb842-bf19-4f34-ba11-3252723b1910","TimeStamp":"2020-12-07T17:37:39.7664221+00:00","OutgoingTransitions":[{"NextStepId":"16"}]},"16":{"Name":"Click UI element in window","ActionType":0,"Description":"Edit 'TextBox' in Window 'Contoso Invoicing'","ImageId":"04cdeea0-037c-481c-879e-24ad6971e4b5","TimeStamp":"2020-12-07T17:37:42.6361444+00:00","OutgoingTransitions":[{"NextStepId":"17"}]},"17":{"Name":"Click UI element in window","ActionType":0,"Description":"Edit 'TextBox' in Window 'Contoso Invoicing'","ImageId":"772819d2-5daa-4f4a-9601-139a872a99a3","TimeStamp":"2020-12-07T17:37:43.7133328+00:00","OutgoingTransitions":[{"NextStepId":"18"}]},"18":{"Name":"Populate text field in window","ActionType":0,"Description":"Edit 'TextBox' 3 in Window 'Contoso Invoicing'; Text:'$56,346,543.00'","ImageId":"e3c4ab3d-ca47-4dd8-9293-8dd8cc08a349","TimeStamp":"2020-12-07T17:37:40.8625889+00:00","OutgoingTransitions":[{"NextStepId":"19"}]},"19":{"Name":"Click UI element in window","ActionType":0,"Description":"Edit 'TextBox' in Window 'Contoso Invoicing'","ImageId":"0b09b816-d115-45f8-bd9a-857dcc8d5cbc","TimeStamp":"2020-12-07T17:37:45.31829+00:00","OutgoingTransitions":[{"NextStepId":"20"}]},"20":{"Name":"Send keys","ActionType":0,"Description":"TextToSend:'65'","ImageId":"","TimeStamp":"2020-12-07T17:37:41.0334479+00:00","OutgoingTransitions":[]}},"StepGroups":{"d69bf406-749d-4248-953c-87552a0b9c5f":{"Steps":["1"],"Name":"Open Contoso Invoicing app"},"fbe51822-958e-4ce1-8758-09260551aff0":{"Steps":["2","3","4","5","6","7","8","9","10","11"],"Name":"Open invoice email attachment"},"567e863f-0ef5-4399-a274-7679a0e0d93b":{"Steps":["12","13"],"Name":"Create new invoice"},"f62f538e-bfd1-4328-9a6d-7e5f55fdc580":{"Steps":["14","15","16","17","18","19"],"Name":"Fill invoice form"},"17126ae2-aca4-44e4-a396-2d365e155421":{"Steps":["20"],"Name":"Save invoice"}}}</msdyn_normalizedrecording>
      <msdyn_parenttask>
        <msdyn_pminferredtaskid>5b583e21-bc33-eb11-a813-0022486d71e7</msdyn_pminferredtaskid>
      </msdyn_parenttask>
      <msdyn_publishingstatus>192350001</msdyn_publishingstatus>
      <msdyn_sourceworkflow>
        <workflowid>d5857ceb-b138-eb11-a813-0022486d71e7</workflowid>
      </msdyn_sourceworkflow>
      <msdyn_type>192350000</msdyn_type>
      <statecode>2</statecode>
      <statuscode>6</statuscode>
      <new_pmrecordingimagebinaries>
        <new_pmrecordingimagebinary new_uniquename="step_16_04cdeea0-037c-481c-879e-24ad6971e4b5">
          <iscustomizable>1</iscustomizable>
          <new_data>{b5c7bef2-b238-eb11-a813-0022486d71e7}</new_data>
          <new_iterationid>b3e400b2-4e08-4c82-aadc-813994a21ec5</new_iterationid>
          <new_mimetype>image/png</new_mimetype>
          <new_name>step_16_04cdeea0-037c-481c-879e-24ad6971e4b5</new_name>
          <statecode>0</statecode>
          <statuscode>1</statuscode>
        </new_pmrecordingimagebinary>
        <new_pmrecordingimagebinary new_uniquename="step_19_0b09b816-d115-45f8-bd9a-857dcc8d5cbc">
          <iscustomizable>1</iscustomizable>
          <new_data>{6f8b4cf6-b238-eb11-a813-0022486d7b82}</new_data>
          <new_iterationid>b3e400b2-4e08-4c82-aadc-813994a21ec5</new_iterationid>
          <new_mimetype>image/png</new_mimetype>
          <new_name>step_19_0b09b816-d115-45f8-bd9a-857dcc8d5cbc</new_name>
          <statecode>0</statecode>
          <statuscode>1</statuscode>
        </new_pmrecordingimagebinary>
        <new_pmrecordingimagebinary new_uniquename="step_10_1f11ce6c-0fbf-411a-8ae6-93e496be1a81">
          <iscustomizable>1</iscustomizable>
          <new_data>{aec7bef2-b238-eb11-a813-0022486d71e7}</new_data>
          <new_iterationid>b3e400b2-4e08-4c82-aadc-813994a21ec5</new_iterationid>
          <new_mimetype>image/png</new_mimetype>
          <new_name>step_10_1f11ce6c-0fbf-411a-8ae6-93e496be1a81</new_name>
          <statecode>0</statecode>
          <statuscode>1</statuscode>
        </new_pmrecordingimagebinary>
        <new_pmrecordingimagebinary new_uniquename="step_9_30b84ceb-cc57-4683-99c8-614e81536fc6">
          <iscustomizable>1</iscustomizable>
          <new_data>{5e1652f0-b238-eb11-a813-0022486d7b82}</new_data>
          <new_iterationid>b3e400b2-4e08-4c82-aadc-813994a21ec5</new_iterationid>
          <new_mimetype>image/png</new_mimetype>
          <new_name>step_9_30b84ceb-cc57-4683-99c8-614e81536fc6</new_name>
          <statecode>0</statecode>
          <statuscode>1</statuscode>
        </new_pmrecordingimagebinary>
        <new_pmrecordingimagebinary new_uniquename="step_6_42b21b40-1df3-4afa-80e9-7f3d3dd6e36d">
          <iscustomizable>1</iscustomizable>
          <new_data>{acc7bef2-b238-eb11-a813-0022486d71e7}</new_data>
          <new_iterationid>b3e400b2-4e08-4c82-aadc-813994a21ec5</new_iterationid>
          <new_mimetype>image/png</new_mimetype>
          <new_name>step_6_42b21b40-1df3-4afa-80e9-7f3d3dd6e36d</new_name>
          <statecode>0</statecode>
          <statuscode>1</statuscode>
        </new_pmrecordingimagebinary>
        <new_pmrecordingimagebinary new_uniquename="step_5_4ea08cf5-a5d8-4313-9012-a4d3c18a8ec3">
          <iscustomizable>1</iscustomizable>
          <new_data>{4c1652f0-b238-eb11-a813-0022486d7b82}</new_data>
          <new_iterationid>b3e400b2-4e08-4c82-aadc-813994a21ec5</new_iterationid>
          <new_mimetype>image/png</new_mimetype>
          <new_name>step_5_4ea08cf5-a5d8-4313-9012-a4d3c18a8ec3</new_name>
          <statecode>0</statecode>
          <statuscode>1</statuscode>
        </new_pmrecordingimagebinary>
        <new_pmrecordingimagebinary new_uniquename="step_8_515bea9f-40e3-446c-a236-38c17a40450e">
          <iscustomizable>1</iscustomizable>
          <new_data>{5c1652f0-b238-eb11-a813-0022486d7b82}</new_data>
          <new_iterationid>b3e400b2-4e08-4c82-aadc-813994a21ec5</new_iterationid>
          <new_mimetype>image/png</new_mimetype>
          <new_name>step_8_515bea9f-40e3-446c-a236-38c17a40450e</new_name>
          <statecode>0</statecode>
          <statuscode>1</statuscode>
        </new_pmrecordingimagebinary>
        <new_pmrecordingimagebinary new_uniquename="step_1_6baae5d4-2fd0-4070-b050-58f6efcc961d">
          <iscustomizable>1</iscustomizable>
          <new_data>{a8c7bef2-b238-eb11-a813-0022486d71e7}</new_data>
          <new_iterationid>b3e400b2-4e08-4c82-aadc-813994a21ec5</new_iterationid>
          <new_mimetype>image/png</new_mimetype>
          <new_name>step_1_6baae5d4-2fd0-4070-b050-58f6efcc961d</new_name>
          <statecode>0</statecode>
          <statuscode>1</statuscode>
        </new_pmrecordingimagebinary>
        <new_pmrecordingimagebinary new_uniquename="step_14_6d537137-fffe-49b5-ad13-f10e2ce9f4b5">
          <iscustomizable>1</iscustomizable>
          <new_data>{b2c7bef2-b238-eb11-a813-0022486d71e7}</new_data>
          <new_iterationid>b3e400b2-4e08-4c82-aadc-813994a21ec5</new_iterationid>
          <new_mimetype>image/png</new_mimetype>
          <new_name>step_14_6d537137-fffe-49b5-ad13-f10e2ce9f4b5</new_name>
          <statecode>0</statecode>
          <statuscode>1</statuscode>
        </new_pmrecordingimagebinary>
        <new_pmrecordingimagebinary new_uniquename="step_15_719bb842-bf19-4f34-ba11-3252723b1910">
          <iscustomizable>1</iscustomizable>
          <new_data>{668b4cf6-b238-eb11-a813-0022486d7b82}</new_data>
          <new_iterationid>b3e400b2-4e08-4c82-aadc-813994a21ec5</new_iterationid>
          <new_mimetype>image/png</new_mimetype>
          <new_name>step_15_719bb842-bf19-4f34-ba11-3252723b1910</new_name>
          <statecode>0</statecode>
          <statuscode>1</statuscode>
        </new_pmrecordingimagebinary>
        <new_pmrecordingimagebinary new_uniquename="step_17_772819d2-5daa-4f4a-9601-139a872a99a3">
          <iscustomizable>1</iscustomizable>
          <new_data>{b6c7bef2-b238-eb11-a813-0022486d71e7}</new_data>
          <new_iterationid>b3e400b2-4e08-4c82-aadc-813994a21ec5</new_iterationid>
          <new_mimetype>image/png</new_mimetype>
          <new_name>step_17_772819d2-5daa-4f4a-9601-139a872a99a3</new_name>
          <statecode>0</statecode>
          <statuscode>1</statuscode>
        </new_pmrecordingimagebinary>
        <new_pmrecordingimagebinary new_uniquename="step_12_9b1cc0b2-542c-4baf-a720-664189c51f68">
          <iscustomizable>1</iscustomizable>
          <new_data>{648b4cf6-b238-eb11-a813-0022486d7b82}</new_data>
          <new_iterationid>b3e400b2-4e08-4c82-aadc-813994a21ec5</new_iterationid>
          <new_mimetype>image/png</new_mimetype>
          <new_name>step_12_9b1cc0b2-542c-4baf-a720-664189c51f68</new_name>
          <statecode>0</statecode>
          <statuscode>1</statuscode>
        </new_pmrecordingimagebinary>
        <new_pmrecordingimagebinary new_uniquename="step_3_a4398abd-4136-411e-a324-3eddbb3e7e70">
          <iscustomizable>1</iscustomizable>
          <new_data>{a9c7bef2-b238-eb11-a813-0022486d71e7}</new_data>
          <new_iterationid>b3e400b2-4e08-4c82-aadc-813994a21ec5</new_iterationid>
          <new_mimetype>image/png</new_mimetype>
          <new_name>step_3_a4398abd-4136-411e-a324-3eddbb3e7e70</new_name>
          <statecode>0</statecode>
          <statuscode>1</statuscode>
        </new_pmrecordingimagebinary>
        <new_pmrecordingimagebinary new_uniquename="step_4_bae394d9-69fc-4040-923b-bbd5ba3b1103">
          <iscustomizable>1</iscustomizable>
          <new_data>{abc7bef2-b238-eb11-a813-0022486d71e7}</new_data>
          <new_iterationid>b3e400b2-4e08-4c82-aadc-813994a21ec5</new_iterationid>
          <new_mimetype>image/png</new_mimetype>
          <new_name>step_4_bae394d9-69fc-4040-923b-bbd5ba3b1103</new_name>
          <statecode>0</statecode>
          <statuscode>1</statuscode>
        </new_pmrecordingimagebinary>
        <new_pmrecordingimagebinary new_uniquename="step_11_e3b949fa-a62e-4576-9f1b-e86a29d076eb">
          <iscustomizable>1</iscustomizable>
          <new_data>{afc7bef2-b238-eb11-a813-0022486d71e7}</new_data>
          <new_iterationid>b3e400b2-4e08-4c82-aadc-813994a21ec5</new_iterationid>
          <new_mimetype>image/png</new_mimetype>
          <new_name>step_11_e3b949fa-a62e-4576-9f1b-e86a29d076eb</new_name>
          <statecode>0</statecode>
          <statuscode>1</statuscode>
        </new_pmrecordingimagebinary>
        <new_pmrecordingimagebinary new_uniquename="step_18_e3c4ab3d-ca47-4dd8-9293-8dd8cc08a349">
          <iscustomizable>1</iscustomizable>
          <new_data>{6c8b4cf6-b238-eb11-a813-0022486d7b82}</new_data>
          <new_iterationid>b3e400b2-4e08-4c82-aadc-813994a21ec5</new_iterationid>
          <new_mimetype>image/png</new_mimetype>
          <new_name>step_18_e3c4ab3d-ca47-4dd8-9293-8dd8cc08a349</new_name>
          <statecode>0</statecode>
          <statuscode>1</statuscode>
        </new_pmrecordingimagebinary>
        <new_pmrecordingimagebinary new_uniquename="step_7_f43b2413-dd82-4692-a746-1e2d9dfa2659">
          <iscustomizable>1</iscustomizable>
          <new_data>{adc7bef2-b238-eb11-a813-0022486d71e7}</new_data>
          <new_iterationid>b3e400b2-4e08-4c82-aadc-813994a21ec5</new_iterationid>
          <new_mimetype>image/png</new_mimetype>
          <new_name>step_7_f43b2413-dd82-4692-a746-1e2d9dfa2659</new_name>
          <statecode>0</statecode>
          <statuscode>1</statuscode>
        </new_pmrecordingimagebinary>
        <new_pmrecordingimagebinary new_uniquename="step_13_fe5d0764-6076-42a8-a93e-971b2050d327">
          <iscustomizable>1</iscustomizable>
          <new_data>{b1c7bef2-b238-eb11-a813-0022486d71e7}</new_data>
          <new_iterationid>b3e400b2-4e08-4c82-aadc-813994a21ec5</new_iterationid>
          <new_mimetype>image/png</new_mimetype>
          <new_name>step_13_fe5d0764-6076-42a8-a93e-971b2050d327</new_name>
          <statecode>0</statecode>
          <statuscode>1</statuscode>
        </new_pmrecordingimagebinary>
      </new_pmrecordingimagebinaries>
    </msdyn_pmrecording>
  </msdyn_pmrecordings>
  <Languages>
    <Language>1033</Language>
  </Languages>
</ImportExportXml>